<?xml version="1.0" encoding="utf-8" ?>
<dwsync>
<file name="categories.php" server="host.microweber.com:22339//usr/share/microweber_1_0/" local="130706466509074210" remote="130706466550000000" />
<file name="api.php" server="host.microweber.org:22339/public_html/" local="130685559614098823" remote="130758164060000000" />
<file name="api_callbacks.php" server="host.microweber.org:22339/public_html/" local="130720489535743406" remote="130758164070000000" />
<file name="bootstrap.php" server="host.microweber.org:22339/public_html/" local="130696192877919708" remote="130758164070000000" />
<file name="categories.php" server="host.microweber.org:22339/public_html/" local="130721215651484851" remote="130758164080000000" />
<file name="common.php" server="host.microweber.org:22339/public_html/" local="130755676751520256" remote="130758164090000000" />
<file name="config.php" server="host.microweber.org:22339/public_html/" local="130631605846695094" remote="130758164090000000" />
<file name="content.php" server="host.microweber.org:22339/public_html/" local="130658900858764780" remote="130758164100000000" />
<file name="custom_fields.php" server="host.microweber.org:22339/public_html/" local="130668387863265230" remote="130758164100000000" />
<file name="db.php" server="host.microweber.org:22339/public_html/" local="130712512689122067" remote="130758164110000000" />
<file name="events.php" server="host.microweber.org:22339/public_html/" local="130631605846675093" remote="130758164110000000" />
<file name="filesystem.php" server="host.microweber.org:22339/public_html/" local="130631605846565086" remote="130758164120000000" />
<file name="lang.php" server="host.microweber.org:22339/public_html/" local="130718414026071228" remote="130758164130000000" />
<file name="media.php" server="host.microweber.org:22339/public_html/" local="130720487980774467" remote="130758164130000000" />
<file name="menus.php" server="host.microweber.org:22339/public_html/" local="130662447099742074" remote="130758164140000000" />
<file name="modules.php" server="host.microweber.org:22339/public_html/" local="130758162854848007" remote="130758164160000000" />
<file name="options.php" server="host.microweber.org:22339/public_html/" local="130666856460448248" remote="130758164170000000" />
<file name="other.php" server="host.microweber.org:22339/public_html/" local="130720488972921215" remote="130758164180000000" />
<file name="paths.php" server="host.microweber.org:22339/public_html/" local="130661613298060255" remote="130758164180000000" />
<file name="plupload.php" server="host.microweber.org:22339/public_html/" local="130674303945436018" remote="130758164190000000" />
<file name="shop.php" server="host.microweber.org:22339/public_html/" local="130718443985554813" remote="130758164190000000" />
<file name="user.php" server="host.microweber.org:22339/public_html/" local="130659873535335536" remote="130758164200000000" />
<file name="bootstrap.php" server="host.theuniversim.com:22339/public_html/" local="130758369938412509" remote="130758369950000000" />
<file name="user.php" server="serv2.microweber.com:22339/public_html/" local="130818755764238653" remote="130818761990000000" />
<file name="api.php" server="loai.directory//httpdocs/demos/pulse/" local="130848866794856484" remote="130848831000000000" />
<file name="api_callbacks.php" server="loai.directory//httpdocs/demos/pawcanvas/" local="130822278363673833" remote="130848968400000000" />
<file name="events.php.bak" server="loai.directory//httpdocs/demos/conie/" local="130631605846675093" remote="130855782000000000" />
</dwsync>