<?xml version="1.0" encoding="UTF-8"?>
<rss xmlns:dc="http://purl.org/dc/elements/1.1/" version="2.0"><channel><description>

Hi I’m Gordy and I’m studying illustration at Bristol UWE

Feel free to get in touch about anything :) Message me on here or drop me an email at gordy.illustration@gmail.com</description><title>http://gordywright.tumblr.com/</title><generator>Tumblr (3.0; @gordywright)</generator><link>http://gordywright.tumblr.com/</link><item><title>whale plate</title><description>&lt;img src="http://31.media.tumblr.com/7d28d225a860fb83170d1dc683a35a2b/tumblr_n1cytgZ1rk1qbv9n1o1_r1_500.jpg"/&gt;&lt;br/&gt;&lt;br/&gt;&lt;p&gt;whale plate&lt;/p&gt;</description><link>http://gordywright.tumblr.com/post/77395656041</link><guid>http://gordywright.tumblr.com/post/77395656041</guid><pubDate>Fri, 21 Feb 2014 13:17:00 -0500</pubDate><category>illustration</category><category>artists on tumblr</category><category>whale</category><category>printmaking</category><category>collograph</category></item><item><title>flowers</title><description>&lt;img src="http://31.media.tumblr.com/52c5b222cbd3c9baf9b2d5d1b3ad3445/tumblr_n15nojKlx01qbv9n1o1_500.jpg"/&gt;&lt;br/&gt;&lt;br/&gt;&lt;p&gt;flowers&lt;/p&gt;</description><link>http://gordywright.tumblr.com/post/76982191264</link><guid>http://gordywright.tumblr.com/post/76982191264</guid><pubDate>Mon, 17 Feb 2014 14:33:55 -0500</pubDate><category>Illustration</category><category>artists on tumblr</category><category>art</category><category>flowers</category><category>nature</category></item><item><title>masks</title><description>&lt;img src="http://31.media.tumblr.com/a30d9714d887ee05e95847c9d8ae85fc/tumblr_n0wr1p0Ktu1qbv9n1o1_500.jpg"/&gt;&lt;br/&gt;&lt;br/&gt;&lt;p&gt;masks&lt;/p&gt;</description><link>http://gordywright.tumblr.com/post/76573007340</link><guid>http://gordywright.tumblr.com/post/76573007340</guid><pubDate>Thu, 13 Feb 2014 18:30:25 -0500</pubDate><category>Illustration</category><category>artists on tumblr</category><category>tribal masks</category><category>masks</category><category>primitive art</category><category>art</category></item><item><title>Ice fox</title><description>&lt;img src="http://31.media.tumblr.com/c8e3d459290f51b0248d1097b19ca89d/tumblr_n0frapfldd1qbv9n1o2_r1_500.jpg"/&gt;&lt;br/&gt;&lt;br/&gt;&lt;p&gt;Ice fox&lt;/p&gt;</description><link>http://gordywright.tumblr.com/post/75506174133</link><guid>http://gordywright.tumblr.com/post/75506174133</guid><pubDate>Mon, 03 Feb 2014 14:54:00 -0500</pubDate><category>illustration</category><category>artists on tumblr</category><category>fox</category><category>animals</category><category>rabbit</category></item><item><title>Feral cats eating up all them birds</title><description>&lt;img src="http://25.media.tumblr.com/91aa594ec6f9b7a79c5c90722191e3db/tumblr_mzijggzyPb1qbv9n1o1_500.jpg"/&gt;&lt;br/&gt;&lt;br/&gt;&lt;p&gt;Feral cats eating up all them birds&lt;/p&gt;</description><link>http://gordywright.tumblr.com/post/75169750392</link><guid>http://gordywright.tumblr.com/post/75169750392</guid><pubDate>Fri, 31 Jan 2014 13:55:12 -0500</pubDate><category>Illustration</category><category>artists on tumblr</category><category>childrens books</category><category>animals</category><category>cats</category></item><item><title>In the print room today with Rachel working towards our up...</title><description>&lt;img src="http://31.media.tumblr.com/1bd39d87c575a5029297f8d54110949f/tumblr_n04l3d7aJV1qbv9n1o1_r2_500.jpg"/&gt;&lt;br/&gt;&lt;br/&gt;&lt;p&gt;In the print room today with Rachel working towards our up coming &lt;a href="https://www.facebook.com/events/693923390641480/?ref_dashboard_filter=upcoming"&gt;Hot &amp; Cold exhibition&lt;/a&gt; at the Tobacco Factory in Bristol :D&lt;/p&gt;</description><link>http://gordywright.tumblr.com/post/74854484677</link><guid>http://gordywright.tumblr.com/post/74854484677</guid><pubDate>Tue, 28 Jan 2014 14:13:00 -0500</pubDate><category>bristol</category><category>uwe</category><category>break a lead</category><category>uwe illustration</category><category>illustration</category></item><item><title>Rabbit prints</title><description>&lt;img src="http://24.media.tumblr.com/12a03c08fd5eba67fd0a8a7ab83422d8/tumblr_n02q09sa5j1qbv9n1o1_500.jpg"/&gt;&lt;br/&gt; &lt;br/&gt;&lt;img src="http://25.media.tumblr.com/7621aed1b6dd276ff02d41f76e6ff17b/tumblr_n02q09sa5j1qbv9n1o2_500.jpg"/&gt;&lt;br/&gt; &lt;br/&gt;&lt;p&gt;Rabbit prints&lt;/p&gt;</description><link>http://gordywright.tumblr.com/post/74744086589</link><guid>http://gordywright.tumblr.com/post/74744086589</guid><pubDate>Mon, 27 Jan 2014 13:57:48 -0500</pubDate><category>rabbits</category><category>illustration</category><category>artists on tumblr</category><category>printmaking</category><category>art</category></item><item><title>work for heart of darkness</title><description>&lt;img src="http://25.media.tumblr.com/9bf70a8293bf3640b90f5d8efcffbd3f/tumblr_mzx0gjv7eb1qbv9n1o1_500.jpg"/&gt;&lt;br/&gt;&lt;br/&gt;&lt;p&gt;work for heart of darkness&lt;/p&gt;</description><link>http://gordywright.tumblr.com/post/74399476143</link><guid>http://gordywright.tumblr.com/post/74399476143</guid><pubDate>Fri, 24 Jan 2014 13:07:30 -0500</pubDate><category>Illustration</category><category>artists on tumblr</category><category>art</category><category>skull</category><category>gordy wright</category></item><item><title>Stone giant by Gordy Wright</title><description>&lt;img src="http://25.media.tumblr.com/cb88ab76a4b25e40d89726b9eab64bf2/tumblr_mzri0chjC61qbv9n1o1_r2_500.jpg"/&gt;&lt;br/&gt;&lt;br/&gt;&lt;p&gt;Stone giant by &lt;a href="http://gordywright.tumblr.com"&gt;Gordy Wright&lt;/a&gt;&lt;/p&gt;</description><link>http://gordywright.tumblr.com/post/74077593743</link><guid>http://gordywright.tumblr.com/post/74077593743</guid><pubDate>Tue, 21 Jan 2014 13:10:00 -0500</pubDate><category>illustration</category><category>artists on tumblr</category><category>nature</category><category>art</category><category>animals</category></item><item><title>cat &amp; bird - Gordy Wright</title><description>&lt;img src="http://24.media.tumblr.com/21af8339f63461cd7e76be677bff1097/tumblr_myzlticOcT1qbv9n1o1_500.jpg"/&gt;&lt;br/&gt;&lt;br/&gt;&lt;p&gt;cat &amp; bird - &lt;a href="http://gordywright.tumblr.com"&gt;Gordy Wright&lt;/a&gt;&lt;/p&gt;</description><link>http://gordywright.tumblr.com/post/72462118500</link><guid>http://gordywright.tumblr.com/post/72462118500</guid><pubDate>Mon, 06 Jan 2014 14:05:09 -0500</pubDate><category>illustration</category><category>animals</category><category>artists on tumblr</category><category>skeletons</category><category>cat</category></item><item><title>Aboriginal animals</title><description>&lt;img src="http://25.media.tumblr.com/4d32498d93994a2609e87528aec86ebe/tumblr_mxr5kbqZ4i1qbv9n1o1_500.jpg"/&gt;&lt;br/&gt;&lt;br/&gt;&lt;p&gt;Aboriginal animals&lt;/p&gt;</description><link>http://gordywright.tumblr.com/post/69895011259</link><guid>http://gordywright.tumblr.com/post/69895011259</guid><pubDate>Fri, 13 Dec 2013 13:13:00 -0500</pubDate><category>illustration</category><category>art</category><category>artists on tumblr</category><category>aboriginal art</category><category>illustrators on tumblr</category></item><item><title>Roots</title><description>&lt;img src="http://24.media.tumblr.com/a2c7a8d87d12f9b96064a56e1a745fa1/tumblr_mxk9wgfYHO1qbv9n1o1_r2_500.jpg"/&gt;&lt;br/&gt;&lt;br/&gt;&lt;p&gt;Roots&lt;/p&gt;</description><link>http://gordywright.tumblr.com/post/69607292449</link><guid>http://gordywright.tumblr.com/post/69607292449</guid><pubDate>Tue, 10 Dec 2013 13:50:00 -0500</pubDate><category>Illustration</category><category>artists on tumblr</category><category>animals</category><category>uwe illustration</category><category>uwe</category></item><item><title>wild boar</title><description>&lt;img src="http://31.media.tumblr.com/0f047f344d0220805e13465131da8e0e/tumblr_mx1c6fViCX1qbv9n1o1_500.jpg"/&gt;&lt;br/&gt;&lt;br/&gt;&lt;p&gt;wild boar&lt;/p&gt;</description><link>http://gordywright.tumblr.com/post/68481794339</link><guid>http://gordywright.tumblr.com/post/68481794339</guid><pubDate>Fri, 29 Nov 2013 14:17:35 -0500</pubDate><category>illustration</category><category>artists on tumblr</category><category>nature</category><category>animals</category><category>boar</category><category>widlife</category></item><item><title>fox</title><description>&lt;img src="http://31.media.tumblr.com/4ace19387fb7d332f946481860b72a34/tumblr_mwd77qEfRZ1qbv9n1o1_500.jpg"/&gt;&lt;br/&gt;&lt;br/&gt;&lt;p&gt;fox&lt;/p&gt;</description><link>http://gordywright.tumblr.com/post/67679647955</link><guid>http://gordywright.tumblr.com/post/67679647955</guid><pubDate>Thu, 21 Nov 2013 14:48:32 -0500</pubDate><category>illustration</category><category>artists on tumblr</category><category>fox</category><category>animals</category><category>art</category></item><item><title>animal bones</title><description>&lt;img src="http://31.media.tumblr.com/03d197c88543bf0fa5fbed3496f582f6/tumblr_mw7uhqiOA01qbv9n1o1_500.jpg"/&gt;&lt;br/&gt;&lt;br/&gt;&lt;p&gt;animal bones&lt;/p&gt;</description><link>http://gordywright.tumblr.com/post/67289539596</link><guid>http://gordywright.tumblr.com/post/67289539596</guid><pubDate>Sun, 17 Nov 2013 15:22:33 -0500</pubDate><category>Illustration</category><category>artists on tumblr</category><category>sculpture</category><category>animals</category><category>skeletons</category></item><item><title>Curled up fox</title><description>&lt;img src="http://24.media.tumblr.com/8099ae499bd509497392a4abc0809cfc/tumblr_mw7u21oKwc1qbv9n1o1_r1_500.jpg"/&gt;&lt;br/&gt;&lt;br/&gt;&lt;p&gt;Curled up fox&lt;/p&gt;</description><link>http://gordywright.tumblr.com/post/66889844195</link><guid>http://gordywright.tumblr.com/post/66889844195</guid><pubDate>Wed, 13 Nov 2013 14:01:12 -0500</pubDate><category>illustration</category><category>artists on tumblr</category><category>fox</category><category>art</category><category>animals</category></item><item><title>fox with crows</title><description>&lt;img src="http://31.media.tumblr.com/359e95a3c98cb7ab85e4801be23cb5d4/tumblr_mw4731qbcq1qbv9n1o1_500.jpg"/&gt;&lt;br/&gt;&lt;br/&gt;&lt;p&gt;fox with crows&lt;/p&gt;</description><link>http://gordywright.tumblr.com/post/66701002229</link><guid>http://gordywright.tumblr.com/post/66701002229</guid><pubDate>Mon, 11 Nov 2013 14:50:48 -0500</pubDate><category>illustration</category><category>art</category><category>artists on tumblr</category><category>fox</category><category>crows</category></item><item><title>seahorse drama</title><description>&lt;img src="http://25.media.tumblr.com/7af66b93536e24c469583f9f59ddb564/tumblr_mvhx6pFOAP1qbv9n1o1_r1_500.jpg"/&gt;&lt;br/&gt;&lt;br/&gt;&lt;p&gt;seahorse drama&lt;/p&gt;</description><link>http://gordywright.tumblr.com/post/65541244426</link><guid>http://gordywright.tumblr.com/post/65541244426</guid><pubDate>Wed, 30 Oct 2013 15:08:00 -0400</pubDate><category>Illustration</category><category>artists on tumblr</category><category>seahorse</category><category>gordy wright</category><category>art</category></item><item><title>a friendly terrapin</title><description>&lt;img src="http://25.media.tumblr.com/72b414f7ec65f16e33afafe25d32ff03/tumblr_mve8leX9IY1qbv9n1o1_r1_500.jpg"/&gt;&lt;br/&gt;&lt;br/&gt;&lt;p&gt;a friendly terrapin&lt;/p&gt;</description><link>http://gordywright.tumblr.com/post/65356709294</link><guid>http://gordywright.tumblr.com/post/65356709294</guid><pubDate>Mon, 28 Oct 2013 15:25:00 -0400</pubDate><category>illustration</category><category>artists on tumblr</category><category>uwe illustration</category><category>terrapin</category><category>animals</category></item><item><title>Nature giant</title><description>&lt;img src="http://31.media.tumblr.com/aafa7a6423afa6e1ee211520651eb544/tumblr_muryxyEYg21qbv9n1o2_r1_500.jpg"/&gt;&lt;br/&gt;&lt;br/&gt;&lt;p&gt;Nature giant&lt;/p&gt;</description><link>http://gordywright.tumblr.com/post/64223832713</link><guid>http://gordywright.tumblr.com/post/64223832713</guid><pubDate>Wed, 16 Oct 2013 14:49:00 -0400</pubDate><category>illustration</category><category>art</category><category>artists on tumblr</category><category>nature</category><category>watercolours</category></item></channel></rss>
