<?xml version="1.0" encoding="UTF-8"?>
<!-- This is a WordPress eXtended RSS file generated by WordPress as an export of your blog. -->
<!-- It contains information about your blog's posts, comments, and categories. -->
<!-- You may use this file to transfer that content from one site to another. -->
<!-- This file is not intended to serve as a complete backup of your blog. -->

<!-- To import this information into a WordPress blog follow these steps. -->
<!-- 1. Log into that blog as an administrator. -->
<!-- 2. Go to Tools: Import in the blog's admin panels (or Manage: Import in older versions of WordPress). -->
<!-- 3. Choose "WordPress" from the list. -->
<!-- 4. Upload this file using the form provided on that page. -->
<!-- 5. You will first be asked to map the authors in this export file to users -->
<!--    on the blog.  For each author, you may choose to map to an -->
<!--    existing user on the blog or to create a new user -->
<!-- 6. WordPress will then import each of the posts, comments, and categories -->
<!--    contained in this file into your blog -->

<!-- generator="WordPress/2.7" created="2008-12-29 20:30"-->
<rss version="2.0"
	xmlns:excerpt="http://wordpress.org/export/1.0/excerpt/"
	xmlns:content="http://purl.org/rss/1.0/modules/content/"
	xmlns:wfw="http://wellformedweb.org/CommentAPI/"
	xmlns:dc="http://purl.org/dc/elements/1.1/"
	xmlns:wp="http://wordpress.org/export/1.0/"
>

<channel>
	<title>Test A</title>
	<link>http://localhost:8888/a</link>
	<description>Just another WordPress weblog</description>
	<pubDate>Tue, 30 Dec 2008 00:46:10 +0000</pubDate>
	<generator>http://wordpress.org/?v=2.7</generator>
	<language>en</language>
	<wp:wxr_version>1.0</wp:wxr_version>
	<wp:base_site_url>http://localhost:8888/a</wp:base_site_url>
	<wp:base_blog_url>http://localhost:8888/a</wp:base_blog_url>
	<wp:category><wp:category_nicename>parent-category-i</wp:category_nicename><wp:category_parent></wp:category_parent><wp:cat_name><![CDATA[Parent Category I]]></wp:cat_name></wp:category>
	<wp:category><wp:category_nicename>parent-category-ii</wp:category_nicename><wp:category_parent></wp:category_parent><wp:cat_name><![CDATA[Parent Category II]]></wp:cat_name></wp:category>
	<wp:category><wp:category_nicename>parent-category-iii</wp:category_nicename><wp:category_parent></wp:category_parent><wp:cat_name><![CDATA[Parent Category III]]></wp:cat_name></wp:category>
	<wp:category><wp:category_nicename>uncategorized</wp:category_nicename><wp:category_parent></wp:category_parent><wp:cat_name><![CDATA[Uncategorized]]></wp:cat_name></wp:category>
	<wp:category><wp:category_nicename>child-category-i</wp:category_nicename><wp:category_parent>Parent Category I</wp:category_parent><wp:cat_name><![CDATA[Child Category I]]></wp:cat_name></wp:category>
	<wp:category><wp:category_nicename>child-category-ii</wp:category_nicename><wp:category_parent>Parent Category I</wp:category_parent><wp:cat_name><![CDATA[Child Category II]]></wp:cat_name></wp:category>
	<wp:category><wp:category_nicename>child-category-iii</wp:category_nicename><wp:category_parent>Parent Category III</wp:category_parent><wp:cat_name><![CDATA[Child Category III]]></wp:cat_name></wp:category>
	<wp:category><wp:category_nicename>grandchild-category-i</wp:category_nicename><wp:category_parent>Child Category II</wp:category_parent><wp:cat_name><![CDATA[Grandchild Category I]]></wp:cat_name></wp:category>
	<wp:tag><wp:tag_slug>tag1</wp:tag_slug><wp:tag_name><![CDATA[tag1]]></wp:tag_name></wp:tag>
	<wp:tag><wp:tag_slug>tag2</wp:tag_slug><wp:tag_name><![CDATA[tag2]]></wp:tag_name></wp:tag>
	<wp:tag><wp:tag_slug>tag3</wp:tag_slug><wp:tag_name><![CDATA[tag3]]></wp:tag_name></wp:tag>
	<wp:tag><wp:tag_slug>tag4</wp:tag_slug><wp:tag_name><![CDATA[tag4]]></wp:tag_name></wp:tag>
	<wp:tag><wp:tag_slug>tag5</wp:tag_slug><wp:tag_name><![CDATA[tag5]]></wp:tag_name></wp:tag>
	<wp:tag><wp:tag_slug>tag6</wp:tag_slug><wp:tag_name><![CDATA[tag6]]></wp:tag_name></wp:tag>
	<wp:tag><wp:tag_slug>tag7</wp:tag_slug><wp:tag_name><![CDATA[tag7]]></wp:tag_name></wp:tag>
		<item>
<title>A Simple Post with Text</title>
<link>http://localhost:8888/a/?p=4</link>
<pubDate>Sun, 03 Aug 2008 00:52:26 +0000</pubDate>
<dc:creator><![CDATA[admin]]></dc:creator>

		<category><![CDATA[Child Category I]]></category>

		<category domain="category" nicename="child-category-i"><![CDATA[Child Category I]]></category>

		<category><![CDATA[Parent Category I]]></category>

		<category domain="category" nicename="parent-category-i"><![CDATA[Parent Category I]]></category>

		<category domain="tag"><![CDATA[tag1]]></category>

		<category domain="tag" nicename="tag1"><![CDATA[tag1]]></category>

		<category domain="tag"><![CDATA[tag2]]></category>

		<category domain="tag" nicename="tag2"><![CDATA[tag2]]></category>

		<category domain="tag"><![CDATA[tag5]]></category>

		<category domain="tag" nicename="tag5"><![CDATA[tag5]]></category>

<guid isPermaLink="false">http://dev.danphilibin.com/wordpress/?p=22</guid>
<description></description>
<content:encoded><![CDATA[Lorem ipsum dolor sit amet, consectetuer adipiscing elit. Sed eleifend urna eu sapien. Quisque posuere nunc eu massa. Praesent bibendum lorem non leo. Morbi volutpat, urna eu fermentum rutrum, ligula lacus interdum mauris, ac pulvinar libero pede a enim. Etiam commodo malesuada ante. Donec nec ligula. Curabitur mollis semper diam. <!--more-->

Duis viverra nibh a felis condimentum pretium. Nullam tristique lacus non purus. Donec vel felis. Etiam et sapien. Pellentesque nec quam a justo tincidunt laoreet. Aenean id enim. Donec lorem arcu, eleifend venenatis, rhoncus mollis, semper at, dui. Praesent velit tellus, adipiscing et, blandit convallis, dictum at, dui. Integer suscipit tortor in orci. Phasellus consequat. Quisque dictum convallis pede.

Mauris viverra scelerisque mauris. Nulla facilisis, elit malesuada pretium egestas, dolor arcu commodo est, at egestas massa tortor ut ante. Etiam eget libero. Aenean pretium, tellus sed sodales semper, turpis purus aliquet orci, pulvinar ornare odio tortor sit amet dui.

Aenean id orci. Cum sociis natoque penatibus et magnis dis parturient montes, nascetur ridiculus mus. Vivamus magna. Mauris tincidunt iaculis enim. Duis a mi vitae sapien dapibus tincidunt. Proin metus.

Proin cursus, libero non auctor faucibus, urna mi vestibulum orci, sit amet fermentum nibh purus eget enim. Aenean aliquet ligula nec nulla. Praesent sit amet lorem vitae massa hendrerit auctor. Sed sit amet urna. Aenean sapien nunc, imperdiet a, pharetra in, consequat eu, neque. Phasellus vel sem gravida augue consequat tempor. Curabitur eget mauris at pede varius facilisis.

Morbi ut sapien. Morbi arcu mauris, suscipit congue, placerat sit amet, suscipit a, ante. Donec aliquet dui ac nunc. Mauris magna quam, aliquet quis, viverra eu, fringilla eget, purus. Donec tristique pretium sem.]]></content:encoded>
<excerpt:encoded><![CDATA[]]></excerpt:encoded>
<wp:post_id>4</wp:post_id>
<wp:post_date>2008-08-02 19:52:26</wp:post_date>
<wp:post_date_gmt>2008-08-03 00:52:26</wp:post_date_gmt>
<wp:comment_status>open</wp:comment_status>
<wp:ping_status>open</wp:ping_status>
<wp:post_name>a-simple-post-with-text</wp:post_name>
<wp:status>publish</wp:status>
<wp:post_parent>0</wp:post_parent>
<wp:menu_order>0</wp:menu_order>
<wp:post_type>post</wp:post_type>
<wp:post_password></wp:post_password>
<wp:postmeta>
<wp:meta_key>_edit_last</wp:meta_key>
<wp:meta_value>1</wp:meta_value>
</wp:postmeta>
<wp:postmeta>
<wp:meta_key>_edit_lock</wp:meta_key>
<wp:meta_value>1230600488</wp:meta_value>
</wp:postmeta>
<wp:comment>
<wp:comment_id>2</wp:comment_id>
<wp:comment_author><![CDATA[John (ChurchCrunch)]]></wp:comment_author>
<wp:comment_author_email>john@churchcrunch.com</wp:comment_author_email>
<wp:comment_author_url>http://churchcrunch.com</wp:comment_author_url>
<wp:comment_author_IP>207.255.235.40</wp:comment_author_IP>
<wp:comment_date>2008-09-17 17:16:35</wp:comment_date>
<wp:comment_date_gmt>2008-09-17 22:16:35</wp:comment_date_gmt>
<wp:comment_content><![CDATA[Here is a non-admin comment.

It has multiple lines, some <code>code</code>, and a bit more text.]]></wp:comment_content>
<wp:comment_approved>1</wp:comment_approved>
<wp:comment_type></wp:comment_type>
<wp:comment_parent>0</wp:comment_parent>
<wp:comment_user_id>0</wp:comment_user_id>
</wp:comment>
	</item>
<item>
<title>Our Company</title>
<link>http://localhost:8888/a/?page_id=12</link>
<pubDate>Fri, 12 Sep 2008 00:20:11 +0000</pubDate>
<dc:creator><![CDATA[admin]]></dc:creator>

		<category><![CDATA[Uncategorized]]></category>

		<category domain="category" nicename="uncategorized"><![CDATA[Uncategorized]]></category>

<guid isPermaLink="false">http://dev.danphilibin.com/wordpress/?page_id=30</guid>
<description></description>
<content:encoded><![CDATA[Lorem ipsum dolor sit amet, consectetuer adipiscing elit. Nam vel turpis. Duis sit amet lectus ac mauris porta viverra. Aliquam erat volutpat. Praesent ipsum pede, pretium sed, congue nec, pretium quis, urna. Suspendisse dignissim, elit in ultrices sollicitudin, nisl est accumsan orci, a venenatis dui mi porta pede. Aenean et pede quis est tincidunt varius.

Cras aliquet. Integer faucibus, eros ac molestie placerat, enim tellus varius lacus, nec dictum nunc tortor id urna. Suspendisse dapibus ullamcorper pede. Vivamus ligula ipsum, faucibus at, tincidunt eget, porttitor non, dolor. Ut dui lectus, ultrices ut, sodales tincidunt, viverra sed, nisl.

Praesent ac quam vulputate felis ultrices scelerisque. Pellentesque habitant morbi tristique senectus et netus et malesuada fames ac turpis egestas. In in arcu. Vestibulum eget nisi quis tellus elementum dapibus. Cras facilisis venenatis libero. Nunc accumsan viverra augue. Suspendisse potenti. Suspendisse eleifend. Maecenas sit amet justo.

Quisque quam nisi, mollis quis, sodales ut, rhoncus nec, risus. Class aptent taciti sociosqu ad litora torquent per conubia nostra, per inceptos himenaeos. Proin pede. Aliquam neque tortor, euismod ac, eleifend quis, tincidunt quis, neque.

Phasellus rhoncus. Donec urna nulla, vehicula et, consectetuer vel, condimentum quis, ipsum. Nulla quis neque eu sapien tincidunt faucibus. Donec eleifend, metus sed elementum lobortis, arcu elit luctus enim, sed vestibulum diam leo nec nunc. Suspendisse tempus.

Phasellus quis mauris. Integer eu justo. Fusce tortor enim, elementum ut, auctor non, accumsan quis, enim. Aenean posuere ante id odio. Nulla facilisi. Donec ac eros quis ipsum auctor blandit. Cras eleifend libero fringilla turpis. Integer sem. Curabitur commodo dapibus lacus.

Vivamus semper auctor turpis. Sed ipsum lacus, varius quis, iaculis at, mollis sagittis, arcu.]]></content:encoded>
<excerpt:encoded><![CDATA[]]></excerpt:encoded>
<wp:post_id>12</wp:post_id>
<wp:post_date>2008-09-11 19:20:11</wp:post_date>
<wp:post_date_gmt>2008-09-12 00:20:11</wp:post_date_gmt>
<wp:comment_status>open</wp:comment_status>
<wp:ping_status>open</wp:ping_status>
<wp:post_name>our-company</wp:post_name>
<wp:status>publish</wp:status>
<wp:post_parent>25</wp:post_parent>
<wp:menu_order>0</wp:menu_order>
<wp:post_type>page</wp:post_type>
<wp:post_password></wp:post_password>
<wp:postmeta>
<wp:meta_key>_edit_lock</wp:meta_key>
<wp:meta_value>1221178811</wp:meta_value>
</wp:postmeta>
<wp:postmeta>
<wp:meta_key>_edit_last</wp:meta_key>
<wp:meta_value>1</wp:meta_value>
</wp:postmeta>
	</item>
<item>
<title>Our Staff</title>
<link>http://localhost:8888/a/?page_id=14</link>
<pubDate>Fri, 12 Sep 2008 00:20:29 +0000</pubDate>
<dc:creator><![CDATA[admin]]></dc:creator>

		<category><![CDATA[Uncategorized]]></category>

		<category domain="category" nicename="uncategorized"><![CDATA[Uncategorized]]></category>

<guid isPermaLink="false">http://dev.danphilibin.com/wordpress/?page_id=32</guid>
<description></description>
<content:encoded><![CDATA[Lorem ipsum dolor sit amet, consectetuer adipiscing elit. Nam vel turpis. Duis sit amet lectus ac mauris porta viverra. Aliquam erat volutpat. Praesent ipsum pede, pretium sed, congue nec, pretium quis, urna. Suspendisse dignissim, elit in ultrices sollicitudin, nisl est accumsan orci, a venenatis dui mi porta pede. Aenean et pede quis est tincidunt varius.

Cras aliquet. Integer faucibus, eros ac molestie placerat, enim tellus varius lacus, nec dictum nunc tortor id urna. Suspendisse dapibus ullamcorper pede. Vivamus ligula ipsum, faucibus at, tincidunt eget, porttitor non, dolor. Ut dui lectus, ultrices ut, sodales tincidunt, viverra sed, nisl.

Praesent ac quam vulputate felis ultrices scelerisque. Pellentesque habitant morbi tristique senectus et netus et malesuada fames ac turpis egestas. In in arcu. Vestibulum eget nisi quis tellus elementum dapibus. Cras facilisis venenatis libero. Nunc accumsan viverra augue. Suspendisse potenti. Suspendisse eleifend. Maecenas sit amet justo.

Quisque quam nisi, mollis quis, sodales ut, rhoncus nec, risus. Class aptent taciti sociosqu ad litora torquent per conubia nostra, per inceptos himenaeos. Proin pede. Aliquam neque tortor, euismod ac, eleifend quis, tincidunt quis, neque.

Phasellus rhoncus. Donec urna nulla, vehicula et, consectetuer vel, condimentum quis, ipsum. Nulla quis neque eu sapien tincidunt faucibus. Donec eleifend, metus sed elementum lobortis, arcu elit luctus enim, sed vestibulum diam leo nec nunc. Suspendisse tempus.

Phasellus quis mauris. Integer eu justo. Fusce tortor enim, elementum ut, auctor non, accumsan quis, enim. Aenean posuere ante id odio. Nulla facilisi. Donec ac eros quis ipsum auctor blandit. Cras eleifend libero fringilla turpis. Integer sem. Curabitur commodo dapibus lacus.

Vivamus semper auctor turpis. Sed ipsum lacus, varius quis, iaculis at, mollis sagittis, arcu.]]></content:encoded>
<excerpt:encoded><![CDATA[]]></excerpt:encoded>
<wp:post_id>14</wp:post_id>
<wp:post_date>2008-09-11 19:20:29</wp:post_date>
<wp:post_date_gmt>2008-09-12 00:20:29</wp:post_date_gmt>
<wp:comment_status>open</wp:comment_status>
<wp:ping_status>open</wp:ping_status>
<wp:post_name>our-staff</wp:post_name>
<wp:status>publish</wp:status>
<wp:post_parent>25</wp:post_parent>
<wp:menu_order>0</wp:menu_order>
<wp:post_type>page</wp:post_type>
<wp:post_password></wp:post_password>
<wp:postmeta>
<wp:meta_key>_edit_lock</wp:meta_key>
<wp:meta_value>1221178829</wp:meta_value>
</wp:postmeta>
<wp:postmeta>
<wp:meta_key>_edit_last</wp:meta_key>
<wp:meta_value>1</wp:meta_value>
</wp:postmeta>
	</item>
<item>
<title>History</title>
<link>http://localhost:8888/a/?page_id=17</link>
<pubDate>Fri, 12 Sep 2008 00:20:42 +0000</pubDate>
<dc:creator><![CDATA[admin]]></dc:creator>

		<category><![CDATA[Uncategorized]]></category>

		<category domain="category" nicename="uncategorized"><![CDATA[Uncategorized]]></category>

<guid isPermaLink="false">http://dev.danphilibin.com/wordpress/?page_id=34</guid>
<description></description>
<content:encoded><![CDATA[Lorem ipsum dolor sit amet, consectetuer adipiscing elit. Nam vel turpis. Duis sit amet lectus ac mauris porta viverra. Aliquam erat volutpat. Praesent ipsum pede, pretium sed, congue nec, pretium quis, urna. Suspendisse dignissim, elit in ultrices sollicitudin, nisl est accumsan orci, a venenatis dui mi porta pede. Aenean et pede quis est tincidunt varius.

Cras aliquet. Integer faucibus, eros ac molestie placerat, enim tellus varius lacus, nec dictum nunc tortor id urna. Suspendisse dapibus ullamcorper pede. Vivamus ligula ipsum, faucibus at, tincidunt eget, porttitor non, dolor. Ut dui lectus, ultrices ut, sodales tincidunt, viverra sed, nisl.

Praesent ac quam vulputate felis ultrices scelerisque. Pellentesque habitant morbi tristique senectus et netus et malesuada fames ac turpis egestas. In in arcu. Vestibulum eget nisi quis tellus elementum dapibus. Cras facilisis venenatis libero. Nunc accumsan viverra augue. Suspendisse potenti. Suspendisse eleifend. Maecenas sit amet justo.

Quisque quam nisi, mollis quis, sodales ut, rhoncus nec, risus. Class aptent taciti sociosqu ad litora torquent per conubia nostra, per inceptos himenaeos. Proin pede. Aliquam neque tortor, euismod ac, eleifend quis, tincidunt quis, neque.

Phasellus rhoncus. Donec urna nulla, vehicula et, consectetuer vel, condimentum quis, ipsum. Nulla quis neque eu sapien tincidunt faucibus. Donec eleifend, metus sed elementum lobortis, arcu elit luctus enim, sed vestibulum diam leo nec nunc. Suspendisse tempus.

Phasellus quis mauris. Integer eu justo. Fusce tortor enim, elementum ut, auctor non, accumsan quis, enim. Aenean posuere ante id odio. Nulla facilisi. Donec ac eros quis ipsum auctor blandit. Cras eleifend libero fringilla turpis. Integer sem. Curabitur commodo dapibus lacus.

Vivamus semper auctor turpis. Sed ipsum lacus, varius quis, iaculis at, mollis sagittis, arcu.]]></content:encoded>
<excerpt:encoded><![CDATA[]]></excerpt:encoded>
<wp:post_id>17</wp:post_id>
<wp:post_date>2008-09-11 19:20:42</wp:post_date>
<wp:post_date_gmt>2008-09-12 00:20:42</wp:post_date_gmt>
<wp:comment_status>open</wp:comment_status>
<wp:ping_status>open</wp:ping_status>
<wp:post_name>company-history</wp:post_name>
<wp:status>publish</wp:status>
<wp:post_parent>25</wp:post_parent>
<wp:menu_order>0</wp:menu_order>
<wp:post_type>page</wp:post_type>
<wp:post_password></wp:post_password>
<wp:postmeta>
<wp:meta_key>_edit_lock</wp:meta_key>
<wp:meta_value>1221178880</wp:meta_value>
</wp:postmeta>
<wp:postmeta>
<wp:meta_key>_edit_last</wp:meta_key>
<wp:meta_value>1</wp:meta_value>
</wp:postmeta>
	</item>
<item>
<title>Support</title>
<link>http://localhost:8888/a/?page_id=19</link>
<pubDate>Fri, 12 Sep 2008 00:20:52 +0000</pubDate>
<dc:creator><![CDATA[admin]]></dc:creator>

		<category><![CDATA[Uncategorized]]></category>

		<category domain="category" nicename="uncategorized"><![CDATA[Uncategorized]]></category>

<guid isPermaLink="false">http://dev.danphilibin.com/wordpress/?page_id=36</guid>
<description></description>
<content:encoded><![CDATA[Lorem ipsum dolor sit amet, consectetuer adipiscing elit. Nam vel turpis. Duis sit amet lectus ac mauris porta viverra. Aliquam erat volutpat. Praesent ipsum pede, pretium sed, congue nec, pretium quis, urna. Suspendisse dignissim, elit in ultrices sollicitudin, nisl est accumsan orci, a venenatis dui mi porta pede. Aenean et pede quis est tincidunt varius.

Cras aliquet. Integer faucibus, eros ac molestie placerat, enim tellus varius lacus, nec dictum nunc tortor id urna. Suspendisse dapibus ullamcorper pede. Vivamus ligula ipsum, faucibus at, tincidunt eget, porttitor non, dolor. Ut dui lectus, ultrices ut, sodales tincidunt, viverra sed, nisl.

Praesent ac quam vulputate felis ultrices scelerisque. Pellentesque habitant morbi tristique senectus et netus et malesuada fames ac turpis egestas. In in arcu. Vestibulum eget nisi quis tellus elementum dapibus. Cras facilisis venenatis libero. Nunc accumsan viverra augue. Suspendisse potenti. Suspendisse eleifend. Maecenas sit amet justo.

Quisque quam nisi, mollis quis, sodales ut, rhoncus nec, risus. Class aptent taciti sociosqu ad litora torquent per conubia nostra, per inceptos himenaeos. Proin pede. Aliquam neque tortor, euismod ac, eleifend quis, tincidunt quis, neque.

Phasellus rhoncus. Donec urna nulla, vehicula et, consectetuer vel, condimentum quis, ipsum. Nulla quis neque eu sapien tincidunt faucibus. Donec eleifend, metus sed elementum lobortis, arcu elit luctus enim, sed vestibulum diam leo nec nunc. Suspendisse tempus.

Phasellus quis mauris. Integer eu justo. Fusce tortor enim, elementum ut, auctor non, accumsan quis, enim. Aenean posuere ante id odio. Nulla facilisi. Donec ac eros quis ipsum auctor blandit. Cras eleifend libero fringilla turpis. Integer sem. Curabitur commodo dapibus lacus.

Vivamus semper auctor turpis. Sed ipsum lacus, varius quis, iaculis at, mollis sagittis, arcu.]]></content:encoded>
<excerpt:encoded><![CDATA[]]></excerpt:encoded>
<wp:post_id>19</wp:post_id>
<wp:post_date>2008-09-11 19:20:52</wp:post_date>
<wp:post_date_gmt>2008-09-12 00:20:52</wp:post_date_gmt>
<wp:comment_status>open</wp:comment_status>
<wp:ping_status>open</wp:ping_status>
<wp:post_name>support</wp:post_name>
<wp:status>publish</wp:status>
<wp:post_parent>0</wp:post_parent>
<wp:menu_order>0</wp:menu_order>
<wp:post_type>page</wp:post_type>
<wp:post_password></wp:post_password>
<wp:postmeta>
<wp:meta_key>_edit_lock</wp:meta_key>
<wp:meta_value>1221178852</wp:meta_value>
</wp:postmeta>
<wp:postmeta>
<wp:meta_key>_edit_last</wp:meta_key>
<wp:meta_value>1</wp:meta_value>
</wp:postmeta>
	</item>
<item>
<title>Links</title>
<link>http://localhost:8888/a/?page_id=21</link>
<pubDate>Fri, 12 Sep 2008 00:22:03 +0000</pubDate>
<dc:creator><![CDATA[admin]]></dc:creator>

		<category><![CDATA[Uncategorized]]></category>

		<category domain="category" nicename="uncategorized"><![CDATA[Uncategorized]]></category>

<guid isPermaLink="false">http://dev.danphilibin.com/wordpress/?page_id=39</guid>
<description></description>
<content:encoded><![CDATA[Lorem ipsum dolor sit amet, consectetuer adipiscing elit. Nam vel turpis. Duis sit amet lectus ac mauris porta viverra. Aliquam erat volutpat. Praesent ipsum pede, pretium sed, congue nec, pretium quis, urna. Suspendisse dignissim, elit in ultrices sollicitudin, nisl est accumsan orci, a venenatis dui mi porta pede. Aenean et pede quis est tincidunt varius.

Cras aliquet. Integer faucibus, eros ac molestie placerat, enim tellus varius lacus, nec dictum nunc tortor id urna. Suspendisse dapibus ullamcorper pede. Vivamus ligula ipsum, faucibus at, tincidunt eget, porttitor non, dolor. Ut dui lectus, ultrices ut, sodales tincidunt, viverra sed, nisl.

Praesent ac quam vulputate felis ultrices scelerisque. Pellentesque habitant morbi tristique senectus et netus et malesuada fames ac turpis egestas. In in arcu. Vestibulum eget nisi quis tellus elementum dapibus. Cras facilisis venenatis libero. Nunc accumsan viverra augue. Suspendisse potenti. Suspendisse eleifend. Maecenas sit amet justo.

Quisque quam nisi, mollis quis, sodales ut, rhoncus nec, risus. Class aptent taciti sociosqu ad litora torquent per conubia nostra, per inceptos himenaeos. Proin pede. Aliquam neque tortor, euismod ac, eleifend quis, tincidunt quis, neque.

Phasellus rhoncus. Donec urna nulla, vehicula et, consectetuer vel, condimentum quis, ipsum. Nulla quis neque eu sapien tincidunt faucibus. Donec eleifend, metus sed elementum lobortis, arcu elit luctus enim, sed vestibulum diam leo nec nunc. Suspendisse tempus.

Phasellus quis mauris. Integer eu justo. Fusce tortor enim, elementum ut, auctor non, accumsan quis, enim. Aenean posuere ante id odio. Nulla facilisi. Donec ac eros quis ipsum auctor blandit. Cras eleifend libero fringilla turpis. Integer sem. Curabitur commodo dapibus lacus.

Vivamus semper auctor turpis. Sed ipsum lacus, varius quis, iaculis at, mollis sagittis, arcu.]]></content:encoded>
<excerpt:encoded><![CDATA[]]></excerpt:encoded>
<wp:post_id>21</wp:post_id>
<wp:post_date>2008-09-11 19:22:03</wp:post_date>
<wp:post_date_gmt>2008-09-12 00:22:03</wp:post_date_gmt>
<wp:comment_status>open</wp:comment_status>
<wp:ping_status>open</wp:ping_status>
<wp:post_name>links</wp:post_name>
<wp:status>publish</wp:status>
<wp:post_parent>0</wp:post_parent>
<wp:menu_order>0</wp:menu_order>
<wp:post_type>page</wp:post_type>
<wp:post_password></wp:post_password>
<wp:postmeta>
<wp:meta_key>_edit_lock</wp:meta_key>
<wp:meta_value>1221178923</wp:meta_value>
</wp:postmeta>
<wp:postmeta>
<wp:meta_key>_edit_last</wp:meta_key>
<wp:meta_value>1</wp:meta_value>
</wp:postmeta>
	</item>
<item>
<title>Contact Us</title>
<link>http://localhost:8888/a/?page_id=23</link>
<pubDate>Fri, 12 Sep 2008 00:22:18 +0000</pubDate>
<dc:creator><![CDATA[admin]]></dc:creator>

		<category><![CDATA[Uncategorized]]></category>

		<category domain="category" nicename="uncategorized"><![CDATA[Uncategorized]]></category>

<guid isPermaLink="false">http://dev.danphilibin.com/wordpress/?page_id=41</guid>
<description></description>
<content:encoded><![CDATA[]]></content:encoded>
<excerpt:encoded><![CDATA[]]></excerpt:encoded>
<wp:post_id>23</wp:post_id>
<wp:post_date>2008-09-11 19:22:18</wp:post_date>
<wp:post_date_gmt>2008-09-12 00:22:18</wp:post_date_gmt>
<wp:comment_status>open</wp:comment_status>
<wp:ping_status>open</wp:ping_status>
<wp:post_name>contact-us</wp:post_name>
<wp:status>publish</wp:status>
<wp:post_parent>0</wp:post_parent>
<wp:menu_order>0</wp:menu_order>
<wp:post_type>page</wp:post_type>
<wp:post_password></wp:post_password>
<wp:postmeta>
<wp:meta_key>_edit_lock</wp:meta_key>
<wp:meta_value>1221178938</wp:meta_value>
</wp:postmeta>
<wp:postmeta>
<wp:meta_key>_edit_last</wp:meta_key>
<wp:meta_value>1</wp:meta_value>
</wp:postmeta>
	</item>
<item>
<title>News</title>
<link>http://localhost:8888/a/?page_id=25</link>
<pubDate>Fri, 12 Sep 2008 00:24:01 +0000</pubDate>
<dc:creator><![CDATA[admin]]></dc:creator>

		<category><![CDATA[Uncategorized]]></category>

		<category domain="category" nicename="uncategorized"><![CDATA[Uncategorized]]></category>

<guid isPermaLink="false">http://dev.danphilibin.com/wordpress/?page_id=43</guid>
<description></description>
<content:encoded><![CDATA[Lorem ipsum dolor sit amet, consectetuer adipiscing elit. Nam vel turpis. Duis sit amet lectus ac mauris porta viverra. Aliquam erat volutpat. Praesent ipsum pede, pretium sed, congue nec, pretium quis, urna. Suspendisse dignissim, elit in ultrices sollicitudin, nisl est accumsan orci, a venenatis dui mi porta pede. Aenean et pede quis est tincidunt varius.

Cras aliquet. Integer faucibus, eros ac molestie placerat, enim tellus varius lacus, nec dictum nunc tortor id urna. Suspendisse dapibus ullamcorper pede. Vivamus ligula ipsum, faucibus at, tincidunt eget, porttitor non, dolor. Ut dui lectus, ultrices ut, sodales tincidunt, viverra sed, nisl.

Praesent ac quam vulputate felis ultrices scelerisque. Pellentesque habitant morbi tristique senectus et netus et malesuada fames ac turpis egestas. In in arcu. Vestibulum eget nisi quis tellus elementum dapibus. Cras facilisis venenatis libero. Nunc accumsan viverra augue. Suspendisse potenti. Suspendisse eleifend. Maecenas sit amet justo.

Quisque quam nisi, mollis quis, sodales ut, rhoncus nec, risus. Class aptent taciti sociosqu ad litora torquent per conubia nostra, per inceptos himenaeos. Proin pede. Aliquam neque tortor, euismod ac, eleifend quis, tincidunt quis, neque.

Phasellus rhoncus. Donec urna nulla, vehicula et, consectetuer vel, condimentum quis, ipsum. Nulla quis neque eu sapien tincidunt faucibus. Donec eleifend, metus sed elementum lobortis, arcu elit luctus enim, sed vestibulum diam leo nec nunc. Suspendisse tempus.

Phasellus quis mauris. Integer eu justo. Fusce tortor enim, elementum ut, auctor non, accumsan quis, enim. Aenean posuere ante id odio. Nulla facilisi. Donec ac eros quis ipsum auctor blandit. Cras eleifend libero fringilla turpis. Integer sem. Curabitur commodo dapibus lacus.

Vivamus semper auctor turpis. Sed ipsum lacus, varius quis, iaculis at, mollis sagittis, arcu.]]></content:encoded>
<excerpt:encoded><![CDATA[]]></excerpt:encoded>
<wp:post_id>25</wp:post_id>
<wp:post_date>2008-09-11 19:24:01</wp:post_date>
<wp:post_date_gmt>2008-09-12 00:24:01</wp:post_date_gmt>
<wp:comment_status>open</wp:comment_status>
<wp:ping_status>open</wp:ping_status>
<wp:post_name>news</wp:post_name>
<wp:status>publish</wp:status>
<wp:post_parent>0</wp:post_parent>
<wp:menu_order>0</wp:menu_order>
<wp:post_type>page</wp:post_type>
<wp:post_password></wp:post_password>
<wp:postmeta>
<wp:meta_key>_edit_lock</wp:meta_key>
<wp:meta_value>1221179041</wp:meta_value>
</wp:postmeta>
<wp:postmeta>
<wp:meta_key>_edit_last</wp:meta_key>
<wp:meta_value>1</wp:meta_value>
</wp:postmeta>
	</item>
<item>
<title>Our Location</title>
<link>http://localhost:8888/a/?page_id=27</link>
<pubDate>Fri, 12 Sep 2008 00:24:31 +0000</pubDate>
<dc:creator><![CDATA[admin]]></dc:creator>

		<category><![CDATA[Uncategorized]]></category>

		<category domain="category" nicename="uncategorized"><![CDATA[Uncategorized]]></category>

<guid isPermaLink="false">http://dev.danphilibin.com/wordpress/?page_id=45</guid>
<description></description>
<content:encoded><![CDATA[Lorem ipsum dolor sit amet, consectetuer adipiscing elit. Nam vel turpis. Duis sit amet lectus ac mauris porta viverra. Aliquam erat volutpat. Praesent ipsum pede, pretium sed, congue nec, pretium quis, urna. Suspendisse dignissim, elit in ultrices sollicitudin, nisl est accumsan orci, a venenatis dui mi porta pede. Aenean et pede quis est tincidunt varius.

Cras aliquet. Integer faucibus, eros ac molestie placerat, enim tellus varius lacus, nec dictum nunc tortor id urna. Suspendisse dapibus ullamcorper pede. Vivamus ligula ipsum, faucibus at, tincidunt eget, porttitor non, dolor. Ut dui lectus, ultrices ut, sodales tincidunt, viverra sed, nisl.]]></content:encoded>
<excerpt:encoded><![CDATA[]]></excerpt:encoded>
<wp:post_id>27</wp:post_id>
<wp:post_date>2008-09-11 19:24:31</wp:post_date>
<wp:post_date_gmt>2008-09-12 00:24:31</wp:post_date_gmt>
<wp:comment_status>open</wp:comment_status>
<wp:ping_status>open</wp:ping_status>
<wp:post_name>our-location</wp:post_name>
<wp:status>publish</wp:status>
<wp:post_parent>23</wp:post_parent>
<wp:menu_order>0</wp:menu_order>
<wp:post_type>page</wp:post_type>
<wp:post_password></wp:post_password>
<wp:postmeta>
<wp:meta_key>_edit_last</wp:meta_key>
<wp:meta_value>1</wp:meta_value>
</wp:postmeta>
<wp:postmeta>
<wp:meta_key>_edit_lock</wp:meta_key>
<wp:meta_value>1221179071</wp:meta_value>
</wp:postmeta>
	</item>
<item>
<title>Employment Opportunities</title>
<link>http://localhost:8888/a/?page_id=29</link>
<pubDate>Fri, 12 Sep 2008 00:24:58 +0000</pubDate>
<dc:creator><![CDATA[admin]]></dc:creator>

		<category><![CDATA[Uncategorized]]></category>

		<category domain="category" nicename="uncategorized"><![CDATA[Uncategorized]]></category>

<guid isPermaLink="false">http://dev.danphilibin.com/wordpress/?page_id=47</guid>
<description></description>
<content:encoded><![CDATA[Lorem ipsum dolor sit amet, consectetuer adipiscing elit. Nam vel turpis. Duis sit amet lectus ac mauris porta viverra. Aliquam erat volutpat. Praesent ipsum pede, pretium sed, congue nec, pretium quis, urna. Suspendisse dignissim, elit in ultrices sollicitudin, nisl est accumsan orci, a venenatis dui mi porta pede. Aenean et pede quis est tincidunt varius.

Cras aliquet. Integer faucibus, eros ac molestie placerat, enim tellus varius lacus, nec dictum nunc tortor id urna. Suspendisse dapibus ullamcorper pede. Vivamus ligula ipsum, faucibus at, tincidunt eget, porttitor non, dolor. Ut dui lectus, ultrices ut, sodales tincidunt, viverra sed, nisl.

Praesent ac quam vulputate felis ultrices scelerisque. Pellentesque habitant morbi tristique senectus et netus et malesuada fames ac turpis egestas. In in arcu. Vestibulum eget nisi quis tellus elementum dapibus. Cras facilisis venenatis libero. Nunc accumsan viverra augue. Suspendisse potenti. Suspendisse eleifend. Maecenas sit amet justo.

Quisque quam nisi, mollis quis, sodales ut, rhoncus nec, risus. Class aptent taciti sociosqu ad litora torquent per conubia nostra, per inceptos himenaeos. Proin pede. Aliquam neque tortor, euismod ac, eleifend quis, tincidunt quis, neque.

Phasellus rhoncus. Donec urna nulla, vehicula et, consectetuer vel, condimentum quis, ipsum. Nulla quis neque eu sapien tincidunt faucibus. Donec eleifend, metus sed elementum lobortis, arcu elit luctus enim, sed vestibulum diam leo nec nunc. Suspendisse tempus.

Phasellus quis mauris. Integer eu justo. Fusce tortor enim, elementum ut, auctor non, accumsan quis, enim. Aenean posuere ante id odio. Nulla facilisi. Donec ac eros quis ipsum auctor blandit. Cras eleifend libero fringilla turpis. Integer sem. Curabitur commodo dapibus lacus.

Vivamus semper auctor turpis. Sed ipsum lacus, varius quis, iaculis at, mollis sagittis, arcu.]]></content:encoded>
<excerpt:encoded><![CDATA[]]></excerpt:encoded>
<wp:post_id>29</wp:post_id>
<wp:post_date>2008-09-11 19:24:58</wp:post_date>
<wp:post_date_gmt>2008-09-12 00:24:58</wp:post_date_gmt>
<wp:comment_status>open</wp:comment_status>
<wp:ping_status>open</wp:ping_status>
<wp:post_name>employment-opportunities</wp:post_name>
<wp:status>publish</wp:status>
<wp:post_parent>14</wp:post_parent>
<wp:menu_order>0</wp:menu_order>
<wp:post_type>page</wp:post_type>
<wp:post_password></wp:post_password>
<wp:postmeta>
<wp:meta_key>_edit_lock</wp:meta_key>
<wp:meta_value>1221179098</wp:meta_value>
</wp:postmeta>
<wp:postmeta>
<wp:meta_key>_edit_last</wp:meta_key>
<wp:meta_value>1</wp:meta_value>
</wp:postmeta>
	</item>
<item>
<title>A Post With an Unordered List</title>
<link>http://localhost:8888/a/?p=31</link>
<pubDate>Fri, 12 Sep 2008 03:14:00 +0000</pubDate>
<dc:creator><![CDATA[admin]]></dc:creator>

		<category><![CDATA[Parent Category II]]></category>

		<category domain="category" nicename="parent-category-ii"><![CDATA[Parent Category II]]></category>

		<category domain="tag"><![CDATA[tag1]]></category>

		<category domain="tag" nicename="tag1"><![CDATA[tag1]]></category>

		<category domain="tag"><![CDATA[tag3]]></category>

		<category domain="tag" nicename="tag3"><![CDATA[tag3]]></category>

		<category domain="tag"><![CDATA[tag7]]></category>

		<category domain="tag" nicename="tag7"><![CDATA[tag7]]></category>

<guid isPermaLink="false">http://dev.danphilibin.com/wordpress/?p=50</guid>
<description></description>
<content:encoded><![CDATA[Lorem ipsum dolor sit amet, consectetuer adipiscing elit. Curabitur quam augue, vehicula quis, tincidunt vel, varius vitae, nulla. Sed convallis orci. Duis libero orci, pretium a, <a href="#">convallis quis</a>, pellentesque a, dolor. Curabitur vitae nisi non dolor vestibulum consequat.

<ul>
<li>Vestibulum in mauris semper tortor interdum ultrices.</li>
<li>Sed vel lorem et justo laoreet bibendum. Donec dictum.</li>
<li>Etiam massa libero, lacinia at, commodo in, tincidunt a, purus.</li>
<li>Praesent volutpat eros quis enim blandit tincidunt.</li>
<li>Aenean eu libero nec lectus ultricies laoreet. Donec rutrum, nisi vel egestas ultrices, ipsum urna sagittis libero, vitae vestibulum dui dolor vel velit.</li>
</ul>]]></content:encoded>
<excerpt:encoded><![CDATA[]]></excerpt:encoded>
<wp:post_id>31</wp:post_id>
<wp:post_date>2008-09-11 22:14:00</wp:post_date>
<wp:post_date_gmt>2008-09-12 03:14:00</wp:post_date_gmt>
<wp:comment_status>open</wp:comment_status>
<wp:ping_status>open</wp:ping_status>
<wp:post_name>a-post-with-an-unordered-list</wp:post_name>
<wp:status>publish</wp:status>
<wp:post_parent>0</wp:post_parent>
<wp:menu_order>0</wp:menu_order>
<wp:post_type>post</wp:post_type>
<wp:post_password></wp:post_password>
<wp:postmeta>
<wp:meta_key>_edit_lock</wp:meta_key>
<wp:meta_value>1230600487</wp:meta_value>
</wp:postmeta>
<wp:postmeta>
<wp:meta_key>_edit_last</wp:meta_key>
<wp:meta_value>1</wp:meta_value>
</wp:postmeta>
<wp:comment>
<wp:comment_id>3</wp:comment_id>
<wp:comment_author><![CDATA[John (Human3rror)]]></wp:comment_author>
<wp:comment_author_email>johnsaddington@gmail.com</wp:comment_author_email>
<wp:comment_author_url>http://human3rror.com</wp:comment_author_url>
<wp:comment_author_IP>207.255.235.40</wp:comment_author_IP>
<wp:comment_date>2008-09-17 17:14:05</wp:comment_date>
<wp:comment_date_gmt>2008-09-17 22:14:05</wp:comment_date_gmt>
<wp:comment_content><![CDATA[Howdy! This is an admin comment.]]></wp:comment_content>
<wp:comment_approved>1</wp:comment_approved>
<wp:comment_type></wp:comment_type>
<wp:comment_parent>0</wp:comment_parent>
<wp:comment_user_id>0</wp:comment_user_id>
</wp:comment>
<wp:comment>
<wp:comment_id>4</wp:comment_id>
<wp:comment_author><![CDATA[John (Human3rror)]]></wp:comment_author>
<wp:comment_author_email>johnsaddington@gmail.com</wp:comment_author_email>
<wp:comment_author_url>http://human3rror.com</wp:comment_author_url>
<wp:comment_author_IP>207.255.235.40</wp:comment_author_IP>
<wp:comment_date>2008-09-17 17:16:01</wp:comment_date>
<wp:comment_date_gmt>2008-09-17 22:16:01</wp:comment_date_gmt>
<wp:comment_content><![CDATA[Here is a non-admin comment.

It has multiple lines, some <code>code</code>, and a bit more text.]]></wp:comment_content>
<wp:comment_approved>1</wp:comment_approved>
<wp:comment_type></wp:comment_type>
<wp:comment_parent>0</wp:comment_parent>
<wp:comment_user_id>0</wp:comment_user_id>
</wp:comment>
	</item>
<item>
<title>A Post With a Right-Aligned Image</title>
<link>http://localhost:8888/a/?p=34</link>
<pubDate>Fri, 12 Sep 2008 03:19:25 +0000</pubDate>
<dc:creator><![CDATA[admin]]></dc:creator>

		<category><![CDATA[Uncategorized]]></category>

		<category domain="category" nicename="uncategorized"><![CDATA[Uncategorized]]></category>

<guid isPermaLink="false">http://dev.danphilibin.com/wordpress/?p=53</guid>
<description></description>
<content:encoded><![CDATA[<img src="http://i35.tinypic.com/990wtx.png" alt="WordPress Logo" align="right" class="alignright" />Lorem ipsum dolor sit amet, consectetuer adipiscing elit. Curabitur quam augue, vehicula quis, tincidunt vel, varius vitae, nulla. Sed convallis orci. Duis libero orci, pretium a, <a href="#">convallis quis</a>, pellentesque a, dolor. Curabitur vitae nisi non dolor vestibulum consequat.  <!--more-->

Nulla sagittis convallis arcu. Sed sed nunc. Curabitur consequat. Quisque metus enim, venenatis fermentum, mollis in, porta et, nibh. Duis vulputate elit in elit. Mauris dictum libero id justo. Fusce in est. Sed nec diam. Pellentesque habitant morbi tristique senectus et netus et malesuada fames ac turpis egestas. Quisque semper nibh eget nibh. Sed tempor. Fusce erat.]]></content:encoded>
<excerpt:encoded><![CDATA[]]></excerpt:encoded>
<wp:post_id>34</wp:post_id>
<wp:post_date>2008-09-11 22:19:25</wp:post_date>
<wp:post_date_gmt>2008-09-12 03:19:25</wp:post_date_gmt>
<wp:comment_status>open</wp:comment_status>
<wp:ping_status>open</wp:ping_status>
<wp:post_name>a-post-with-a-right-aligned-image</wp:post_name>
<wp:status>publish</wp:status>
<wp:post_parent>0</wp:post_parent>
<wp:menu_order>0</wp:menu_order>
<wp:post_type>post</wp:post_type>
<wp:post_password></wp:post_password>
<wp:postmeta>
<wp:meta_key>_edit_lock</wp:meta_key>
<wp:meta_value>1230600486</wp:meta_value>
</wp:postmeta>
<wp:postmeta>
<wp:meta_key>_edit_last</wp:meta_key>
<wp:meta_value>1</wp:meta_value>
</wp:postmeta>
<wp:comment>
<wp:comment_id>5</wp:comment_id>
<wp:comment_author><![CDATA[John (Human3rror)]]></wp:comment_author>
<wp:comment_author_email>johnsaddington@gmail.com</wp:comment_author_email>
<wp:comment_author_url>http://human3rror.com</wp:comment_author_url>
<wp:comment_author_IP>207.255.235.40</wp:comment_author_IP>
<wp:comment_date>2008-09-17 17:14:02</wp:comment_date>
<wp:comment_date_gmt>2008-09-17 22:14:02</wp:comment_date_gmt>
<wp:comment_content><![CDATA[Howdy! This is an admin comment.]]></wp:comment_content>
<wp:comment_approved>1</wp:comment_approved>
<wp:comment_type></wp:comment_type>
<wp:comment_parent>0</wp:comment_parent>
<wp:comment_user_id>0</wp:comment_user_id>
</wp:comment>
	</item>
<item>
<title>A Post With an Ordered List</title>
<link>http://localhost:8888/a/?p=36</link>
<pubDate>Fri, 12 Sep 2008 03:20:17 +0000</pubDate>
<dc:creator><![CDATA[admin]]></dc:creator>

		<category><![CDATA[Child Category III]]></category>

		<category domain="category" nicename="child-category-iii"><![CDATA[Child Category III]]></category>

		<category><![CDATA[Parent Category III]]></category>

		<category domain="category" nicename="parent-category-iii"><![CDATA[Parent Category III]]></category>

		<category domain="tag"><![CDATA[tag1]]></category>

		<category domain="tag" nicename="tag1"><![CDATA[tag1]]></category>

		<category domain="tag"><![CDATA[tag2]]></category>

		<category domain="tag" nicename="tag2"><![CDATA[tag2]]></category>

		<category domain="tag"><![CDATA[tag3]]></category>

		<category domain="tag" nicename="tag3"><![CDATA[tag3]]></category>

		<category domain="tag"><![CDATA[tag5]]></category>

		<category domain="tag" nicename="tag5"><![CDATA[tag5]]></category>

<guid isPermaLink="false">http://dev.danphilibin.com/wordpress/?p=55</guid>
<description></description>
<content:encoded><![CDATA[Nulla sagittis convallis arcu. Sed sed nunc. Curabitur consequat. Quisque metus enim, venenatis fermentum, mollis in, porta et, nibh. Duis vulputate elit in elit. Mauris dictum libero id justo. Fusce in est. Sed nec diam. Pellentesque habitant morbi tristique senectus et netus et malesuada fames ac turpis egestas. Quisque semper nibh eget nibh. Sed tempor. Fusce erat.

<h3>An Ordered List</h3>

<ol>
<li>Vestibulum in mauris semper tortor interdum ultrices.</li>
<li>Sed vel lorem et justo laoreet bibendum. Donec dictum.</li>
<li>Etiam massa libero, lacinia at, commodo in, tincidunt a, purus.</li>
<li>Praesent volutpat eros quis enim blandit tincidunt.</li>
<li>Aenean eu libero nec lectus ultricies laoreet. Donec rutrum, nisi vel egestas ultrices, ipsum urna sagittis libero, vitae vestibulum dui dolor vel velit.</li>
</ol>]]></content:encoded>
<excerpt:encoded><![CDATA[]]></excerpt:encoded>
<wp:post_id>36</wp:post_id>
<wp:post_date>2008-09-11 22:20:17</wp:post_date>
<wp:post_date_gmt>2008-09-12 03:20:17</wp:post_date_gmt>
<wp:comment_status>open</wp:comment_status>
<wp:ping_status>open</wp:ping_status>
<wp:post_name>a-post-with-an-ordered-list</wp:post_name>
<wp:status>publish</wp:status>
<wp:post_parent>0</wp:post_parent>
<wp:menu_order>0</wp:menu_order>
<wp:post_type>post</wp:post_type>
<wp:post_password></wp:post_password>
<wp:postmeta>
<wp:meta_key>_edit_lock</wp:meta_key>
<wp:meta_value>1230600482</wp:meta_value>
</wp:postmeta>
<wp:postmeta>
<wp:meta_key>_edit_last</wp:meta_key>
<wp:meta_value>1</wp:meta_value>
</wp:postmeta>
<wp:comment>
<wp:comment_id>6</wp:comment_id>
<wp:comment_author><![CDATA[John (ChurchCrunch)]]></wp:comment_author>
<wp:comment_author_email>john@churchcrunch.com</wp:comment_author_email>
<wp:comment_author_url>http://churchcrunch.com</wp:comment_author_url>
<wp:comment_author_IP>207.255.235.40</wp:comment_author_IP>
<wp:comment_date>2008-09-17 17:17:42</wp:comment_date>
<wp:comment_date_gmt>2008-09-17 22:17:42</wp:comment_date_gmt>
<wp:comment_content><![CDATA[Here is a non-admin comment.

It has multiple lines, some <code>code</code>, and a bit more text.]]></wp:comment_content>
<wp:comment_approved>1</wp:comment_approved>
<wp:comment_type></wp:comment_type>
<wp:comment_parent>0</wp:comment_parent>
<wp:comment_user_id>0</wp:comment_user_id>
</wp:comment>
<wp:comment>
<wp:comment_id>7</wp:comment_id>
<wp:comment_author><![CDATA[John (ChurchCrunch)]]></wp:comment_author>
<wp:comment_author_email>john@churchcrunch.com</wp:comment_author_email>
<wp:comment_author_url>http://churchcrunch.com</wp:comment_author_url>
<wp:comment_author_IP>207.255.235.40</wp:comment_author_IP>
<wp:comment_date>2008-09-17 17:18:11</wp:comment_date>
<wp:comment_date_gmt>2008-09-17 22:18:11</wp:comment_date_gmt>
<wp:comment_content><![CDATA[Here is a non-admin comment.

It has multiple lines, some <code>code</code>, and a bit more text. Alternating content so I don't get caught spamming ;)]]></wp:comment_content>
<wp:comment_approved>1</wp:comment_approved>
<wp:comment_type></wp:comment_type>
<wp:comment_parent>0</wp:comment_parent>
<wp:comment_user_id>0</wp:comment_user_id>
</wp:comment>
	</item>
<item>
<title>Another Text-Only Post</title>
<link>http://localhost:8888/a/?p=38</link>
<pubDate>Fri, 12 Sep 2008 03:20:39 +0000</pubDate>
<dc:creator><![CDATA[admin]]></dc:creator>

		<category><![CDATA[Child Category II]]></category>

		<category domain="category" nicename="child-category-ii"><![CDATA[Child Category II]]></category>

		<category><![CDATA[Grandchild Category I]]></category>

		<category domain="category" nicename="grandchild-category-i"><![CDATA[Grandchild Category I]]></category>

		<category><![CDATA[Parent Category I]]></category>

		<category domain="category" nicename="parent-category-i"><![CDATA[Parent Category I]]></category>

<guid isPermaLink="false">http://dev.danphilibin.com/wordpress/?p=57</guid>
<description></description>
<content:encoded><![CDATA[Lorem ipsum dolor sit amet, consectetuer adipiscing elit. Sed eleifend urna eu sapien. Quisque posuere nunc eu massa. Praesent bibendum lorem non leo. Morbi volutpat, urna eu fermentum rutrum, ligula lacus interdum mauris, ac pulvinar libero pede a enim. Etiam commodo malesuada ante. Donec nec ligula. Curabitur mollis semper diam. <!--more-->

Duis viverra nibh a felis condimentum pretium. Nullam tristique lacus non purus. Donec vel felis. Etiam et sapien. Pellentesque nec quam a justo tincidunt laoreet. Aenean id enim. Donec lorem arcu, eleifend venenatis, rhoncus mollis, semper at, dui. Praesent velit tellus, adipiscing et, blandit convallis, dictum at, dui. Integer suscipit tortor in orci. Phasellus consequat. Quisque dictum convallis pede.

Mauris viverra scelerisque mauris. Nulla facilisis, elit malesuada pretium egestas, dolor arcu commodo est, at egestas massa tortor ut ante. Etiam eget libero. Aenean pretium, tellus sed sodales semper, turpis purus aliquet orci, pulvinar ornare odio tortor sit amet dui.

Aenean id orci. Cum sociis natoque penatibus et magnis dis parturient montes, nascetur ridiculus mus. Vivamus magna. Mauris tincidunt iaculis enim. Duis a mi vitae sapien dapibus tincidunt. Proin metus.

Proin cursus, libero non auctor faucibus, urna mi vestibulum orci, sit amet fermentum nibh purus eget enim. Aenean aliquet ligula nec nulla. Praesent sit amet lorem vitae massa hendrerit auctor. Sed sit amet urna. Aenean sapien nunc, imperdiet a, pharetra in, consequat eu, neque. Phasellus vel sem gravida augue consequat tempor. Curabitur eget mauris at pede varius facilisis.

Morbi ut sapien. Morbi arcu mauris, suscipit congue, placerat sit amet, suscipit a, ante. Donec aliquet dui ac nunc. Mauris magna quam, aliquet quis, viverra eu, fringilla eget, purus. Donec tristique pretium sem.]]></content:encoded>
<excerpt:encoded><![CDATA[]]></excerpt:encoded>
<wp:post_id>38</wp:post_id>
<wp:post_date>2008-09-11 22:20:39</wp:post_date>
<wp:post_date_gmt>2008-09-12 03:20:39</wp:post_date_gmt>
<wp:comment_status>open</wp:comment_status>
<wp:ping_status>open</wp:ping_status>
<wp:post_name>another-text-only-post</wp:post_name>
<wp:status>publish</wp:status>
<wp:post_parent>0</wp:post_parent>
<wp:menu_order>0</wp:menu_order>
<wp:post_type>post</wp:post_type>
<wp:post_password></wp:post_password>
<wp:postmeta>
<wp:meta_key>_edit_lock</wp:meta_key>
<wp:meta_value>1230600542</wp:meta_value>
</wp:postmeta>
<wp:postmeta>
<wp:meta_key>_edit_last</wp:meta_key>
<wp:meta_value>1</wp:meta_value>
</wp:postmeta>
<wp:comment>
<wp:comment_id>8</wp:comment_id>
<wp:comment_author><![CDATA[John (Human3rror)]]></wp:comment_author>
<wp:comment_author_email>johnsaddington@gmail.com</wp:comment_author_email>
<wp:comment_author_url>http://churchcrunch.com</wp:comment_author_url>
<wp:comment_author_IP>207.255.235.40</wp:comment_author_IP>
<wp:comment_date>2008-09-17 17:13:58</wp:comment_date>
<wp:comment_date_gmt>2008-09-17 22:13:58</wp:comment_date_gmt>
<wp:comment_content><![CDATA[Howdy! This is an admin comment.]]></wp:comment_content>
<wp:comment_approved>1</wp:comment_approved>
<wp:comment_type></wp:comment_type>
<wp:comment_parent>0</wp:comment_parent>
<wp:comment_user_id>0</wp:comment_user_id>
</wp:comment>
	</item>
<item>
<title>A Post With a Left-Aligned Image</title>
<link>http://localhost:8888/a/?p=40</link>
<pubDate>Fri, 12 Sep 2008 03:23:11 +0000</pubDate>
<dc:creator><![CDATA[admin]]></dc:creator>

		<category><![CDATA[Parent Category II]]></category>

		<category domain="category" nicename="parent-category-ii"><![CDATA[Parent Category II]]></category>

		<category><![CDATA[Parent Category III]]></category>

		<category domain="category" nicename="parent-category-iii"><![CDATA[Parent Category III]]></category>

		<category domain="tag"><![CDATA[tag2]]></category>

		<category domain="tag" nicename="tag2"><![CDATA[tag2]]></category>

		<category domain="tag"><![CDATA[tag4]]></category>

		<category domain="tag" nicename="tag4"><![CDATA[tag4]]></category>

		<category domain="tag"><![CDATA[tag7]]></category>

		<category domain="tag" nicename="tag7"><![CDATA[tag7]]></category>

<guid isPermaLink="false">http://dev.danphilibin.com/wordpress/?p=59</guid>
<description></description>
<content:encoded><![CDATA[<img src="http://i35.tinypic.com/990wtx.png" alt="WordPress Logo" align="left" class="alignleft" />Nulla sagittis convallis arcu. Sed sed nunc. Curabitur consequat. Quisque metus enim, venenatis fermentum, mollis in, porta et, nibh. Duis vulputate elit in elit. Mauris dictum libero id justo. Fusce in est. Sed nec diam. Pellentesque habitant morbi tristique senectus et netus et malesuada fames ac turpis egestas. Quisque semper nibh eget nibh. Sed tempor. Fusce erat.]]></content:encoded>
<excerpt:encoded><![CDATA[]]></excerpt:encoded>
<wp:post_id>40</wp:post_id>
<wp:post_date>2008-09-11 22:23:11</wp:post_date>
<wp:post_date_gmt>2008-09-12 03:23:11</wp:post_date_gmt>
<wp:comment_status>open</wp:comment_status>
<wp:ping_status>open</wp:ping_status>
<wp:post_name>a-post-with-a-left-aligned-image</wp:post_name>
<wp:status>publish</wp:status>
<wp:post_parent>0</wp:post_parent>
<wp:menu_order>0</wp:menu_order>
<wp:post_type>post</wp:post_type>
<wp:post_password></wp:post_password>
<wp:postmeta>
<wp:meta_key>_edit_lock</wp:meta_key>
<wp:meta_value>1230600541</wp:meta_value>
</wp:postmeta>
<wp:postmeta>
<wp:meta_key>_edit_last</wp:meta_key>
<wp:meta_value>1</wp:meta_value>
</wp:postmeta>
	</item>
<item>
<title>Quotes Time!</title>
<link>http://localhost:8888/a/?p=42</link>
<pubDate>Fri, 12 Sep 2008 03:24:01 +0000</pubDate>
<dc:creator><![CDATA[admin]]></dc:creator>

		<category><![CDATA[Uncategorized]]></category>

		<category domain="category" nicename="uncategorized"><![CDATA[Uncategorized]]></category>

		<category domain="tag"><![CDATA[tag2]]></category>

		<category domain="tag" nicename="tag2"><![CDATA[tag2]]></category>

		<category domain="tag"><![CDATA[tag5]]></category>

		<category domain="tag" nicename="tag5"><![CDATA[tag5]]></category>

		<category domain="tag"><![CDATA[tag7]]></category>

		<category domain="tag" nicename="tag7"><![CDATA[tag7]]></category>

<guid isPermaLink="false">http://dev.danphilibin.com/wordpress/?p=61</guid>
<description></description>
<content:encoded><![CDATA[Lorem ipsum dolor sit amet, consectetuer adipiscing elit. Curabitur quam augue, vehicula quis, tincidunt vel, varius vitae, nulla. Sed convallis orci. Duis libero orci, pretium a, <a href="#">convallis quis</a>, pellentesque a, dolor. Curabitur vitae nisi non dolor vestibulum consequat.

<blockquote>Proin vestibulum. Ut ligula. Nullam sed dolor id odio volutpat pulvinar. Integer a leo. In et eros at neque pretium sagittis. Sed sodales lorem a ipsum suscipit gravida. Ut fringilla placerat arcu. Phasellus imperdiet. Mauris ac justo et turpis pharetra vulputate.</blockquote>
<cite><a href="#">Quote Source</a></cite>

<blockquote>Proin vestibulum. Ut ligula. Nullam sed dolor id odio volutpat pulvinar. Integer a leo. In et eros at neque pretium sagittis. Sed sodales lorem a ipsum suscipit gravida. Ut fringilla placerat arcu. Phasellus imperdiet. Mauris ac justo et turpis pharetra vulputate.</blockquote>
<cite><a href="#">Quote Source</a></cite>]]></content:encoded>
<excerpt:encoded><![CDATA[]]></excerpt:encoded>
<wp:post_id>42</wp:post_id>
<wp:post_date>2008-09-11 22:24:01</wp:post_date>
<wp:post_date_gmt>2008-09-12 03:24:01</wp:post_date_gmt>
<wp:comment_status>open</wp:comment_status>
<wp:ping_status>open</wp:ping_status>
<wp:post_name>quotes-time</wp:post_name>
<wp:status>publish</wp:status>
<wp:post_parent>0</wp:post_parent>
<wp:menu_order>0</wp:menu_order>
<wp:post_type>post</wp:post_type>
<wp:post_password></wp:post_password>
<wp:postmeta>
<wp:meta_key>_edit_lock</wp:meta_key>
<wp:meta_value>1230600540</wp:meta_value>
</wp:postmeta>
<wp:postmeta>
<wp:meta_key>_edit_last</wp:meta_key>
<wp:meta_value>1</wp:meta_value>
</wp:postmeta>
	</item>
<item>
<title>A Post With Everything In It</title>
<link>http://localhost:8888/a/?p=44</link>
<pubDate>Fri, 12 Sep 2008 03:25:45 +0000</pubDate>
<dc:creator><![CDATA[admin]]></dc:creator>

		<category><![CDATA[Child Category II]]></category>

		<category domain="category" nicename="child-category-ii"><![CDATA[Child Category II]]></category>

		<category><![CDATA[Grandchild Category I]]></category>

		<category domain="category" nicename="grandchild-category-i"><![CDATA[Grandchild Category I]]></category>

		<category><![CDATA[Parent Category I]]></category>

		<category domain="category" nicename="parent-category-i"><![CDATA[Parent Category I]]></category>

		<category><![CDATA[Parent Category II]]></category>

		<category domain="category" nicename="parent-category-ii"><![CDATA[Parent Category II]]></category>

		<category domain="tag"><![CDATA[tag1]]></category>

		<category domain="tag" nicename="tag1"><![CDATA[tag1]]></category>

		<category domain="tag"><![CDATA[tag2]]></category>

		<category domain="tag" nicename="tag2"><![CDATA[tag2]]></category>

		<category domain="tag"><![CDATA[tag5]]></category>

		<category domain="tag" nicename="tag5"><![CDATA[tag5]]></category>

		<category domain="tag"><![CDATA[tag7]]></category>

		<category domain="tag" nicename="tag7"><![CDATA[tag7]]></category>

<guid isPermaLink="false">http://dev.danphilibin.com/wordpress/?p=63</guid>
<description></description>
<content:encoded><![CDATA[<img class="alignright" src="http://i35.tinypic.com/990wtx.png" alt="WordPress Logo" align="right" />Lorem ipsum dolor sit amet, consectetuer adipiscing elit. Curabitur quam augue, vehicula quis, tincidunt vel, varius vitae, nulla. Sed convallis orci. Duis libero orci, pretium a, <a href="#">convallis quis</a>, pellentesque a, dolor. Curabitur vitae nisi non dolor vestibulum consequat. <!--more-->

<blockquote>Proin vestibulum. Ut ligula. Nullam sed dolor id odio volutpat pulvinar. Integer a leo. In et eros at neque pretium sagittis. Sed sodales lorem a ipsum suscipit gravida. Ut fringilla placerat arcu. Phasellus imperdiet. Mauris ac justo et turpis pharetra vulputate.</blockquote>
<cite><a href="#">Quote Source</a></cite>
<h1>Level 1 Heading</h1>
<h2>Level 2 Heading</h2>
<h3>Level 3 Heading</h3>
<h4>Level 4 Heading</h4>
<h5>Level 5 Heading</h5>
<h6>Level 6 Heading</h6>
<h3>An Unordered List</h3>
<ul>
	<li>Vestibulum in mauris semper tortor interdum ultrices.</li>
	<li>Sed vel lorem et justo laoreet bibendum. Donec dictum.</li>
	<li>Etiam massa libero, lacinia at, commodo in, tincidunt a, purus.</li>
	<li>Praesent volutpat eros quis enim blandit tincidunt.</li>
	<li>Aenean eu libero nec lectus ultricies laoreet. Donec rutrum, nisi vel egestas ultrices, ipsum urna sagittis libero, vitae vestibulum dui dolor vel velit.</li>
</ul>
<h3>Image with no alignment</h3>
<img src="http://i35.tinypic.com/990wtx.png" alt="WordPress Logo" />

<img class="alignleft" src="http://i35.tinypic.com/990wtx.png" alt="WordPress Logo" align="left" />Nulla sagittis convallis arcu. Sed sed nunc. Curabitur consequat. Quisque metus enim, venenatis fermentum, mollis in, porta et, nibh. Duis vulputate elit in elit. Mauris dictum libero id justo. Fusce in est. Sed nec diam. Pellentesque habitant morbi tristique senectus et netus et malesuada fames ac turpis egestas. Quisque semper nibh eget nibh. Sed tempor. Fusce erat.
<h3>An Ordered List</h3>
<ol>
	<li>Vestibulum in mauris semper tortor interdum ultrices.</li>
	<li>Sed vel lorem et justo laoreet bibendum. Donec dictum.</li>
	<li>Etiam massa libero, lacinia at, commodo in, tincidunt a, purus.</li>
	<li>Praesent volutpat eros quis enim blandit tincidunt.</li>
	<li>Aenean eu libero nec lectus ultricies laoreet. Donec rutrum, nisi vel egestas ultrices, ipsum urna sagittis libero, vitae vestibulum dui dolor vel velit.</li>
</ol>]]></content:encoded>
<excerpt:encoded><![CDATA[]]></excerpt:encoded>
<wp:post_id>44</wp:post_id>
<wp:post_date>2008-09-11 22:25:45</wp:post_date>
<wp:post_date_gmt>2008-09-12 03:25:45</wp:post_date_gmt>
<wp:comment_status>open</wp:comment_status>
<wp:ping_status>open</wp:ping_status>
<wp:post_name>a-post-with-everything-in-it</wp:post_name>
<wp:status>publish</wp:status>
<wp:post_parent>0</wp:post_parent>
<wp:menu_order>0</wp:menu_order>
<wp:post_type>post</wp:post_type>
<wp:post_password></wp:post_password>
<wp:postmeta>
<wp:meta_key>_edit_lock</wp:meta_key>
<wp:meta_value>1230600539</wp:meta_value>
</wp:postmeta>
<wp:postmeta>
<wp:meta_key>_edit_last</wp:meta_key>
<wp:meta_value>1</wp:meta_value>
</wp:postmeta>
<wp:comment>
<wp:comment_id>10</wp:comment_id>
<wp:comment_author><![CDATA[John (Human3rror)]]></wp:comment_author>
<wp:comment_author_email>johnsaddington@gmail.com</wp:comment_author_email>
<wp:comment_author_url>http://churchcrunch.com</wp:comment_author_url>
<wp:comment_author_IP>207.255.235.40</wp:comment_author_IP>
<wp:comment_date>2008-09-17 17:13:55</wp:comment_date>
<wp:comment_date_gmt>2008-09-17 22:13:55</wp:comment_date_gmt>
<wp:comment_content><![CDATA[Howdy! This is an admin comment.]]></wp:comment_content>
<wp:comment_approved>1</wp:comment_approved>
<wp:comment_type></wp:comment_type>
<wp:comment_parent>0</wp:comment_parent>
<wp:comment_user_id>0</wp:comment_user_id>
</wp:comment>
	</item>
<item>
<title>Hello world!</title>
<link>http://localhost:8888/a/?p=45</link>
<pubDate>Wed, 17 Sep 2008 21:53:25 +0000</pubDate>
<dc:creator><![CDATA[admin]]></dc:creator>

		<category><![CDATA[Uncategorized]]></category>

		<category domain="category" nicename="uncategorized"><![CDATA[Uncategorized]]></category>

<guid isPermaLink="false">http://dev.wpcoder.com/dan/wordpress/?p=1</guid>
<description></description>
<content:encoded><![CDATA[Welcome to WordPress. This is your first post. Edit or delete it, then start blogging!]]></content:encoded>
<excerpt:encoded><![CDATA[]]></excerpt:encoded>
<wp:post_id>45</wp:post_id>
<wp:post_date>2008-09-17 16:53:25</wp:post_date>
<wp:post_date_gmt>2008-09-17 21:53:25</wp:post_date_gmt>
<wp:comment_status>open</wp:comment_status>
<wp:ping_status>open</wp:ping_status>
<wp:post_name>hello-world-2</wp:post_name>
<wp:status>publish</wp:status>
<wp:post_parent>0</wp:post_parent>
<wp:menu_order>0</wp:menu_order>
<wp:post_type>post</wp:post_type>
<wp:post_password></wp:post_password>
<wp:comment>
<wp:comment_id>12</wp:comment_id>
<wp:comment_author><![CDATA[Mr WordPress]]></wp:comment_author>
<wp:comment_author_email></wp:comment_author_email>
<wp:comment_author_url>http://wordpress.org/</wp:comment_author_url>
<wp:comment_author_IP></wp:comment_author_IP>
<wp:comment_date>2008-09-17 16:53:25</wp:comment_date>
<wp:comment_date_gmt>2008-09-17 21:53:25</wp:comment_date_gmt>
<wp:comment_content><![CDATA[Hi, this is a comment.<br />To delete a comment, just log in and view the post&#039;s comments. There you will have the option to edit or delete them.]]></wp:comment_content>
<wp:comment_approved>1</wp:comment_approved>
<wp:comment_type></wp:comment_type>
<wp:comment_parent>0</wp:comment_parent>
<wp:comment_user_id>0</wp:comment_user_id>
</wp:comment>
<wp:comment>
<wp:comment_id>13</wp:comment_id>
<wp:comment_author><![CDATA[John (Human3rror)]]></wp:comment_author>
<wp:comment_author_email>johnsaddington@gmail.com</wp:comment_author_email>
<wp:comment_author_url>http://human3rror.com</wp:comment_author_url>
<wp:comment_author_IP>207.255.235.40</wp:comment_author_IP>
<wp:comment_date>2008-09-17 17:13:50</wp:comment_date>
<wp:comment_date_gmt>2008-09-17 22:13:50</wp:comment_date_gmt>
<wp:comment_content><![CDATA[Howdy! This is an admin comment.]]></wp:comment_content>
<wp:comment_approved>1</wp:comment_approved>
<wp:comment_type></wp:comment_type>
<wp:comment_parent>0</wp:comment_parent>
<wp:comment_user_id>0</wp:comment_user_id>
</wp:comment>
	</item>
<item>
<title>About</title>
<link>http://localhost:8888/a/?page_id=46</link>
<pubDate>Wed, 17 Sep 2008 21:53:25 +0000</pubDate>
<dc:creator><![CDATA[admin]]></dc:creator>

		<category><![CDATA[Uncategorized]]></category>

		<category domain="category" nicename="uncategorized"><![CDATA[Uncategorized]]></category>

<guid isPermaLink="false">http://dev.wpcoder.com/dan/wordpress/?page_id=2</guid>
<description></description>
<content:encoded><![CDATA[This is an example of a WordPress page, you could edit this to put information about yourself or your site so readers know where you are coming from. You can create as many pages like this one or sub-pages as you like and manage all of your content inside of WordPress.]]></content:encoded>
<excerpt:encoded><![CDATA[]]></excerpt:encoded>
<wp:post_id>46</wp:post_id>
<wp:post_date>2008-09-17 16:53:25</wp:post_date>
<wp:post_date_gmt>2008-09-17 21:53:25</wp:post_date_gmt>
<wp:comment_status>open</wp:comment_status>
<wp:ping_status>open</wp:ping_status>
<wp:post_name>about-2</wp:post_name>
<wp:status>publish</wp:status>
<wp:post_parent>0</wp:post_parent>
<wp:menu_order>0</wp:menu_order>
<wp:post_type>page</wp:post_type>
<wp:post_password></wp:post_password>
	</item>
<item>
<title>A Simple Text Post</title>
<link>http://localhost:8888/a/?p=48</link>
<pubDate>Wed, 17 Sep 2008 22:08:48 +0000</pubDate>
<dc:creator><![CDATA[admin]]></dc:creator>

		<category><![CDATA[Child Category III]]></category>

		<category domain="category" nicename="child-category-iii"><![CDATA[Child Category III]]></category>

		<category><![CDATA[Parent Category III]]></category>

		<category domain="category" nicename="parent-category-iii"><![CDATA[Parent Category III]]></category>

		<category domain="tag"><![CDATA[tag1]]></category>

		<category domain="tag" nicename="tag1"><![CDATA[tag1]]></category>

		<category domain="tag"><![CDATA[tag3]]></category>

		<category domain="tag" nicename="tag3"><![CDATA[tag3]]></category>

		<category domain="tag"><![CDATA[tag6]]></category>

		<category domain="tag" nicename="tag6"><![CDATA[tag6]]></category>

<guid isPermaLink="false">http://dev.wpcoder.com/dan/wordpress/?p=45</guid>
<description></description>
<content:encoded><![CDATA[Lorem ipsum dolor sit amet, consectetuer adipiscing elit. Sed eleifend urna eu sapien. Quisque posuere nunc eu massa. Praesent bibendum lorem non leo. Morbi volutpat, urna eu fermentum rutrum, ligula lacus interdum mauris, ac pulvinar libero pede a enim. Etiam commodo malesuada ante. Donec nec ligula. Curabitur mollis semper diam. <!--more-->

Duis viverra nibh a felis condimentum pretium. Nullam tristique lacus non purus. Donec vel felis. Etiam et sapien. Pellentesque nec quam a justo tincidunt laoreet. Aenean id enim. Donec lorem arcu, eleifend venenatis, rhoncus mollis, semper at, dui. Praesent velit tellus, adipiscing et, blandit convallis, dictum at, dui. Integer suscipit tortor in orci. Phasellus consequat. Quisque dictum convallis pede.

Mauris viverra scelerisque mauris. Nulla facilisis, elit malesuada pretium egestas, dolor arcu commodo est, at egestas massa tortor ut ante. Etiam eget libero. Aenean pretium, tellus sed sodales semper, turpis purus aliquet orci, pulvinar ornare odio tortor sit amet dui.

Aenean id orci. Cum sociis natoque penatibus et magnis dis parturient montes, nascetur ridiculus mus. Vivamus magna. Mauris tincidunt iaculis enim. Duis a mi vitae sapien dapibus tincidunt. Proin metus.

Proin cursus, libero non auctor faucibus, urna mi vestibulum orci, sit amet fermentum nibh purus eget enim. Aenean aliquet ligula nec nulla. Praesent sit amet lorem vitae massa hendrerit auctor. Sed sit amet urna. Aenean sapien nunc, imperdiet a, pharetra in, consequat eu, neque. Phasellus vel sem gravida augue consequat tempor. Curabitur eget mauris at pede varius facilisis.

Morbi ut sapien. Morbi arcu mauris, suscipit congue, placerat sit amet, suscipit a, ante. Donec aliquet dui ac nunc. Mauris magna quam, aliquet quis, viverra eu, fringilla eget, purus. Donec tristique pretium sem.]]></content:encoded>
<excerpt:encoded><![CDATA[]]></excerpt:encoded>
<wp:post_id>48</wp:post_id>
<wp:post_date>2008-09-17 17:08:48</wp:post_date>
<wp:post_date_gmt>2008-09-17 22:08:48</wp:post_date_gmt>
<wp:comment_status>open</wp:comment_status>
<wp:ping_status>open</wp:ping_status>
<wp:post_name>a-simple-text-post</wp:post_name>
<wp:status>publish</wp:status>
<wp:post_parent>0</wp:post_parent>
<wp:menu_order>0</wp:menu_order>
<wp:post_type>post</wp:post_type>
<wp:post_password></wp:post_password>
<wp:postmeta>
<wp:meta_key>_edit_lock</wp:meta_key>
<wp:meta_value>1230600537</wp:meta_value>
</wp:postmeta>
<wp:postmeta>
<wp:meta_key>_edit_last</wp:meta_key>
<wp:meta_value>1</wp:meta_value>
</wp:postmeta>
	</item>
<item>
<title>An Ordered List Post</title>
<link>http://localhost:8888/a/?p=53</link>
<pubDate>Wed, 17 Sep 2008 22:09:41 +0000</pubDate>
<dc:creator><![CDATA[admin]]></dc:creator>

		<category><![CDATA[Uncategorized]]></category>

		<category domain="category" nicename="uncategorized"><![CDATA[Uncategorized]]></category>

<guid isPermaLink="false">http://dev.wpcoder.com/dan/wordpress/?p=50</guid>
<description></description>
<content:encoded><![CDATA[Nulla sagittis convallis arcu. Sed sed nunc. Curabitur consequat. Quisque metus enim, venenatis fermentum, mollis in, porta et, nibh. Duis vulputate elit in elit. Mauris dictum libero id justo. Fusce in est. Sed nec diam. Pellentesque habitant morbi tristique senectus et netus et malesuada fames ac turpis egestas. Quisque semper nibh eget nibh. Sed tempor. Fusce erat.
<h3>An Ordered List</h3>
<ol>
	<li>Vestibulum in mauris semper tortor interdum ultrices.</li>
	<li>Sed vel lorem et justo laoreet bibendum. Donec dictum.</li>
	<li>Etiam massa libero, lacinia at, commodo in, tincidunt a, purus.</li>
	<li>Praesent volutpat eros quis enim blandit tincidunt.</li>
	<li>Aenean eu libero nec lectus ultricies laoreet. Donec rutrum, nisi vel egestas ultrices, ipsum urna sagittis libero, vitae vestibulum dui dolor vel velit.</li>
</ol>]]></content:encoded>
<excerpt:encoded><![CDATA[]]></excerpt:encoded>
<wp:post_id>53</wp:post_id>
<wp:post_date>2008-09-17 17:09:41</wp:post_date>
<wp:post_date_gmt>2008-09-17 22:09:41</wp:post_date_gmt>
<wp:comment_status>open</wp:comment_status>
<wp:ping_status>open</wp:ping_status>
<wp:post_name>an-ordered-list-post</wp:post_name>
<wp:status>publish</wp:status>
<wp:post_parent>0</wp:post_parent>
<wp:menu_order>0</wp:menu_order>
<wp:post_type>post</wp:post_type>
<wp:post_password></wp:post_password>
<wp:postmeta>
<wp:meta_key>_edit_lock</wp:meta_key>
<wp:meta_value>1230600536</wp:meta_value>
</wp:postmeta>
<wp:postmeta>
<wp:meta_key>_edit_last</wp:meta_key>
<wp:meta_value>1</wp:meta_value>
</wp:postmeta>
	</item>
<item>
<title>Another Post with Everything In It</title>
<link>http://localhost:8888/a/?p=55</link>
<pubDate>Wed, 17 Sep 2008 22:10:52 +0000</pubDate>
<dc:creator><![CDATA[admin]]></dc:creator>

		<category><![CDATA[Child Category I]]></category>

		<category domain="category" nicename="child-category-i"><![CDATA[Child Category I]]></category>

		<category><![CDATA[Parent Category I]]></category>

		<category domain="category" nicename="parent-category-i"><![CDATA[Parent Category I]]></category>

		<category><![CDATA[Parent Category II]]></category>

		<category domain="category" nicename="parent-category-ii"><![CDATA[Parent Category II]]></category>

		<category domain="tag"><![CDATA[tag2]]></category>

		<category domain="tag" nicename="tag2"><![CDATA[tag2]]></category>

		<category domain="tag"><![CDATA[tag5]]></category>

		<category domain="tag" nicename="tag5"><![CDATA[tag5]]></category>

		<category domain="tag"><![CDATA[tag6]]></category>

		<category domain="tag" nicename="tag6"><![CDATA[tag6]]></category>

<guid isPermaLink="false">http://dev.wpcoder.com/dan/wordpress/?p=53</guid>
<description></description>
<content:encoded><![CDATA[<img class="alignright" src="http://i35.tinypic.com/990wtx.png" alt="WordPress Logo" align="right" />Lorem ipsum dolor sit amet, consectetuer adipiscing elit. Curabitur quam augue, vehicula quis, tincidunt vel, varius vitae, nulla. Sed convallis orci. Duis libero orci, pretium a, <a href="#">convallis quis</a>, pellentesque a, dolor. Curabitur vitae nisi non dolor vestibulum consequat. <!--more-->

<blockquote>Proin vestibulum. Ut ligula. Nullam sed dolor id odio volutpat pulvinar. Integer a leo. In et eros at neque pretium sagittis. Sed sodales lorem a ipsum suscipit gravida. Ut fringilla placerat arcu. Phasellus imperdiet. Mauris ac justo et turpis pharetra vulputate.</blockquote>
<cite><a href="#">Quote Source</a></cite>
<h1>Level 1 Heading</h1>
<h2>Level 2 Heading</h2>
<h3>Level 3 Heading</h3>
<h4>Level 4 Heading</h4>
<h5>Level 5 Heading</h5>
<h6>Level 6 Heading</h6>
<h3>An Unordered List</h3>
<ul>
	<li>Vestibulum in mauris semper tortor interdum ultrices.</li>
	<li>Sed vel lorem et justo laoreet bibendum. Donec dictum.</li>
	<li>Etiam massa libero, lacinia at, commodo in, tincidunt a, purus.</li>
	<li>Praesent volutpat eros quis enim blandit tincidunt.</li>
	<li>Aenean eu libero nec lectus ultricies laoreet. Donec rutrum, nisi vel egestas ultrices, ipsum urna sagittis libero, vitae vestibulum dui dolor vel velit.</li>
</ul>
<h3>Image with no alignment</h3>
<img src="http://i35.tinypic.com/990wtx.png" alt="WordPress Logo" />

<img class="alignleft" src="http://i35.tinypic.com/990wtx.png" alt="WordPress Logo" align="left" />Nulla sagittis convallis arcu. Sed sed nunc. Curabitur consequat. Quisque metus enim, venenatis fermentum, mollis in, porta et, nibh. Duis vulputate elit in elit. Mauris dictum libero id justo. Fusce in est. Sed nec diam. Pellentesque habitant morbi tristique senectus et netus et malesuada fames ac turpis egestas. Quisque semper nibh eget nibh. Sed tempor. Fusce erat.
<h3>An Ordered List</h3>
<ol>
	<li>Vestibulum in mauris semper tortor interdum ultrices.</li>
	<li>Sed vel lorem et justo laoreet bibendum. Donec dictum.</li>
	<li>Etiam massa libero, lacinia at, commodo in, tincidunt a, purus.</li>
	<li>Praesent volutpat eros quis enim blandit tincidunt.</li>
	<li>Aenean eu libero nec lectus ultricies laoreet. Donec rutrum, nisi vel egestas ultrices, ipsum urna sagittis libero, vitae vestibulum dui dolor vel velit.</li>
</ol>]]></content:encoded>
<excerpt:encoded><![CDATA[]]></excerpt:encoded>
<wp:post_id>55</wp:post_id>
<wp:post_date>2008-09-17 17:10:52</wp:post_date>
<wp:post_date_gmt>2008-09-17 22:10:52</wp:post_date_gmt>
<wp:comment_status>open</wp:comment_status>
<wp:ping_status>open</wp:ping_status>
<wp:post_name>another-post-with-everything-in-it</wp:post_name>
<wp:status>publish</wp:status>
<wp:post_parent>0</wp:post_parent>
<wp:menu_order>0</wp:menu_order>
<wp:post_type>post</wp:post_type>
<wp:post_password></wp:post_password>
<wp:postmeta>
<wp:meta_key>_edit_lock</wp:meta_key>
<wp:meta_value>1230600535</wp:meta_value>
</wp:postmeta>
<wp:postmeta>
<wp:meta_key>_edit_last</wp:meta_key>
<wp:meta_value>1</wp:meta_value>
</wp:postmeta>
<wp:comment>
<wp:comment_id>14</wp:comment_id>
<wp:comment_author><![CDATA[John (Human3rror)]]></wp:comment_author>
<wp:comment_author_email>johnsaddington@gmail.com</wp:comment_author_email>
<wp:comment_author_url>http://human3rror.com</wp:comment_author_url>
<wp:comment_author_IP>207.255.235.40</wp:comment_author_IP>
<wp:comment_date>2008-09-17 17:13:35</wp:comment_date>
<wp:comment_date_gmt>2008-09-17 22:13:35</wp:comment_date_gmt>
<wp:comment_content><![CDATA[Howdy! This is an admin comment.]]></wp:comment_content>
<wp:comment_approved>1</wp:comment_approved>
<wp:comment_type></wp:comment_type>
<wp:comment_parent>0</wp:comment_parent>
<wp:comment_user_id>0</wp:comment_user_id>
</wp:comment>
<wp:comment>
<wp:comment_id>15</wp:comment_id>
<wp:comment_author><![CDATA[John (ChurchCrunch)]]></wp:comment_author>
<wp:comment_author_email>john@churchcrunch.com</wp:comment_author_email>
<wp:comment_author_url>http://churchcrunch.com</wp:comment_author_url>
<wp:comment_author_IP>207.255.235.40</wp:comment_author_IP>
<wp:comment_date>2008-09-17 17:20:13</wp:comment_date>
<wp:comment_date_gmt>2008-09-17 22:20:13</wp:comment_date_gmt>
<wp:comment_content><![CDATA[Here is a non-admin comment.

It has multiple lines, some <code>code</code>, and a bit more text.]]></wp:comment_content>
<wp:comment_approved>1</wp:comment_approved>
<wp:comment_type></wp:comment_type>
<wp:comment_parent>0</wp:comment_parent>
<wp:comment_user_id>0</wp:comment_user_id>
</wp:comment>
<wp:comment>
<wp:comment_id>17</wp:comment_id>
<wp:comment_author><![CDATA[John (ChurchCrunch)]]></wp:comment_author>
<wp:comment_author_email>john@churchcrunch.com</wp:comment_author_email>
<wp:comment_author_url>http://churchcrunch.com</wp:comment_author_url>
<wp:comment_author_IP>::1</wp:comment_author_IP>
<wp:comment_date>2008-12-29 20:23:37</wp:comment_date>
<wp:comment_date_gmt>2008-12-30 01:23:37</wp:comment_date_gmt>
<wp:comment_content><![CDATA[Here is a non-admin comment.

Kinda.

Yippee!]]></wp:comment_content>
<wp:comment_approved>1</wp:comment_approved>
<wp:comment_type></wp:comment_type>
<wp:comment_parent>0</wp:comment_parent>
<wp:comment_user_id>1</wp:comment_user_id>
</wp:comment>
	</item>
<item>
<title>Hello world!</title>
<link>http://localhost:8888/a/?p=1</link>
<pubDate>Tue, 30 Dec 2008 00:46:10 +0000</pubDate>
<dc:creator><![CDATA[admin]]></dc:creator>

		<category><![CDATA[Uncategorized]]></category>

		<category domain="category" nicename="uncategorized"><![CDATA[Uncategorized]]></category>

<guid isPermaLink="false">http://localhost:8888/a/?p=1</guid>
<description></description>
<content:encoded><![CDATA[Welcome to WordPress. This is your first post. Edit or delete it, then start blogging!]]></content:encoded>
<excerpt:encoded><![CDATA[]]></excerpt:encoded>
<wp:post_id>1</wp:post_id>
<wp:post_date>2008-12-29 19:46:10</wp:post_date>
<wp:post_date_gmt>2008-12-30 00:46:10</wp:post_date_gmt>
<wp:comment_status>open</wp:comment_status>
<wp:ping_status>open</wp:ping_status>
<wp:post_name>hello-world</wp:post_name>
<wp:status>publish</wp:status>
<wp:post_parent>0</wp:post_parent>
<wp:menu_order>0</wp:menu_order>
<wp:post_type>post</wp:post_type>
<wp:post_password></wp:post_password>
<wp:comment>
<wp:comment_id>1</wp:comment_id>
<wp:comment_author><![CDATA[Mr WordPress]]></wp:comment_author>
<wp:comment_author_email></wp:comment_author_email>
<wp:comment_author_url>http://wordpress.org/</wp:comment_author_url>
<wp:comment_author_IP></wp:comment_author_IP>
<wp:comment_date>2008-12-29 19:46:10</wp:comment_date>
<wp:comment_date_gmt>2008-12-30 00:46:10</wp:comment_date_gmt>
<wp:comment_content><![CDATA[Hi, this is a comment.<br />To delete a comment, just log in and view the post&#039;s comments. There you will have the option to edit or delete them.]]></wp:comment_content>
<wp:comment_approved>1</wp:comment_approved>
<wp:comment_type></wp:comment_type>
<wp:comment_parent>0</wp:comment_parent>
<wp:comment_user_id>0</wp:comment_user_id>
</wp:comment>
<wp:comment>
<wp:comment_id>16</wp:comment_id>
<wp:comment_author><![CDATA[John (Human3rror)]]></wp:comment_author>
<wp:comment_author_email>johnsaddington@gmail.com</wp:comment_author_email>
<wp:comment_author_url>http://human3rror.com</wp:comment_author_url>
<wp:comment_author_IP>::1</wp:comment_author_IP>
<wp:comment_date>2008-12-29 20:23:12</wp:comment_date>
<wp:comment_date_gmt>2008-12-30 01:23:12</wp:comment_date_gmt>
<wp:comment_content><![CDATA[I'm cool.  Trust me.  :)

http://human3rror.com

http://churchcrunch.com]]></wp:comment_content>
<wp:comment_approved>1</wp:comment_approved>
<wp:comment_type></wp:comment_type>
<wp:comment_parent>0</wp:comment_parent>
<wp:comment_user_id>1</wp:comment_user_id>
</wp:comment>
	</item>
</channel>
</rss>
